,DAA
2014-05-11,100.0
2014-05-12,100.0
2014-05-13,100.0
2014-05-14,100.0
2014-05-15,100.0
2014-05-16,100.0
2014-05-19,100.0
2014-05-20,100.0
2014-05-21,100.0
2014-05-22,100.0
2014-05-23,100.0
2014-05-27,100.0
2014-05-28,100.0
2014-05-29,100.0
2014-05-30,100.00000000000003
2014-06-02,99.95943200000002
2014-06-03,99.777186
2014-06-04,99.790867
2014-06-05,100.69798599999999
2014-06-06,101.11099700000001
2014-06-09,100.95522400000002
2014-06-10,100.85754000000001
2014-06-11,100.61117800000001
2014-06-12,100.350905
2014-06-13,100.52335599999999
2014-06-16,100.40827
2014-06-17,100.38834400000002
2014-06-18,101.18702000000002
2014-06-19,101.03929200000002
2014-06-20,101.12556500000002
2014-06-23,100.89474700000001
2014-06-24,100.21277700000002
2014-06-25,100.43542800000002
2014-06-26,100.47958500000001
2014-06-27,100.77401200000001
2014-06-30,100.76765800000003
2014-07-01,101.49288733600004
2014-07-02,101.53859584800003
2014-07-03,101.74404664400005
2014-07-07,101.42754772800005
2014-07-08,100.82127478400007
2014-07-09,101.16767978800006
2014-07-10,100.77356732800007
2014-07-11,100.88411792000007
2014-07-14,100.97778241200007
2014-07-15,100.64171522800005
2014-07-16,100.84759340800007
2014-07-17,100.14069614400007
2014-07-18,100.85995403200008
2014-07-21,100.84252325600008
2014-07-22,101.3506622200001
2014-07-23,101.4877597120001
2014-07-24,101.2779265200001
2014-07-25,101.24609748000009
2014-07-28,101.3123198200001
2014-07-29,101.0331722280001
2014-07-30,100.9532686800001
2014-07-31,99.37327832400007
2014-08-01,99.36464850040007
2014-08-04,99.78748942000007
2014-08-05,98.90849474120009
2014-08-06,98.70596606680007
2014-08-07,98.75822339680009
2014-08-08,98.96631248080008
2014-08-11,99.71564137520008
2014-08-12,99.61546907040008
2014-08-13,100.3522505820001
2014-08-14,100.7511887908001
2014-08-15,100.9836002628001
2014-08-18,101.3967671268001
2014-08-19,101.73783084840011
2014-08-20,101.71228550440009
2014-08-21,101.92704213360008
2014-08-22,101.69841055520008
2014-08-25,102.09614479080007
2014-08-26,102.10188562880008
2014-08-27,102.36918831000008
2014-08-28,102.22163699800008
2014-08-29,102.37282054440008
2014-09-02,102.21108954440008
2014-09-03,102.41559954440008
2014-09-04,101.96556454440008
2014-09-05,102.49669154440011
2014-09-08,102.2978495444001
2014-09-09,101.5167335444001
2014-09-10,101.3707165444001
2014-09-11,101.3248695444001
2014-09-12,100.03851054440011
2014-09-15,99.55075754440011
2014-09-16,100.1756975444001
2014-09-17,100.0606015444001
2014-09-18,100.32765454440009
2014-09-19,100.06981454440009
2014-09-22,99.1926595444001
2014-09-23,98.7753905444001
2014-09-24,98.9916085444001
2014-09-25,97.83087954440009
2014-09-26,98.57531754440008
2014-09-29,98.27852454440007
2014-09-30,97.8721505444001
2014-10-01,97.88990454440008
2014-10-02,97.88990454440008
2014-10-03,97.8721505444001
2014-10-06,97.8810275444001
2014-10-07,97.8899045444001
2014-10-08,97.8899045444001
2014-10-09,97.8987815444001
2014-10-10,97.88990454440008
2014-10-13,97.89878154440008
2014-10-14,97.89878154440008
2014-10-15,97.88102754440007
2014-10-16,97.88102754440007
2014-10-17,97.88102754440007
2014-10-20,97.89878154440008
2014-10-21,97.89878154440008
2014-10-22,97.89878154440008
2014-10-23,97.89878154440008
2014-10-24,97.89878154440008
2014-10-27,97.89878154440008
2014-10-28,97.89878154440008
2014-10-29,97.88990454440007
2014-10-30,97.88102754440007
2014-10-31,97.88990454440007
2014-11-03,97.91092254440008
2014-11-04,97.81683954440005
2014-11-05,97.79655854440006
2014-11-06,97.52263254440007
2014-11-07,97.81741354440005
2014-11-10,98.00344254440006
2014-11-11,98.05598154440005
2014-11-12,97.95778254440006
2014-11-13,97.99608054440007
2014-11-14,98.13566554440007
2014-11-17,97.78908854440004
2014-11-18,98.29779954440005
2014-11-19,97.80207554440004
2014-11-20,98.19736254440004
2014-11-21,99.03133354440003
2014-11-24,99.34820654440006
2014-11-25,99.43297254440004
2014-11-26,100.01224754440005
2014-11-28,99.68724554440004
2014-12-01,99.16456154440006
2014-12-02,98.95924654440005
2014-12-03,99.02770054440003
2014-12-04,99.36525254440004
2014-12-05,98.81094354440003
2014-12-08,99.01665254440003
2014-12-09,99.45395154440003
2014-12-10,99.35891954440002
2014-12-11,99.39778454440004
2014-12-12,99.61125154440003
2014-12-15,98.77088454440003
2014-12-16,98.90770454440002
2014-12-17,99.15988954440003
2014-12-18,99.48234254440001
2014-12-19,99.77584254440004
2014-12-22,99.49017654440003
2014-12-23,98.61483254440003
2014-12-24,98.61384754440003
2014-12-26,98.91449454440003
2014-12-29,99.30257154440002
2014-12-30,99.26885754440003
2014-12-31,98.77420654440003
2015-01-02,99.58184654440004
2015-01-05,100.35670254440002
2015-01-06,101.22492954440003
2015-01-07,101.5663355444
2015-01-08,101.27588954440002
2015-01-09,101.82894754440002
2015-01-12,102.35248854440003
2015-01-13,102.49865654440002
2015-01-14,103.16895254440001
2015-01-15,104.11058354440003
2015-01-16,103.50339154440003
2015-01-20,103.77629854440003
2015-01-21,103.01090254440003
2015-01-22,103.29213054440002
2015-01-23,104.17521754440003
2015-01-26,104.19746254440004
2015-01-27,104.25937354440002
2015-01-28,104.95282554440001
2015-01-29,104.7459235444
2015-01-30,105.2411265444
2015-02-02,104.80716454440001
2015-02-03,103.54887354440001
2015-02-04,103.70256754440001
2015-02-05,103.40626754440004
2015-02-06,100.96467454440001
2015-02-09,100.84810154440001
2015-02-10,100.43584854440002
2015-02-11,100.15572754440001
2015-02-12,100.37035654440001
2015-02-13,99.8977825444
2015-02-17,98.59753654440001
2015-02-18,99.31854254440002
2015-02-19,98.59040854440002
2015-02-20,98.58550454440002
2015-02-23,99.39106954440003
2015-02-24,99.91171854440002
2015-02-25,100.18019354440003
2015-02-26,99.25527854440001
2015-02-27,99.86839454440002
2015-03-02,99.30183912560003
2015-03-03,99.00334925280002
2015-03-04,98.81734521200002
2015-03-05,98.94505387600003
2015-03-06,97.59337711440003
2015-03-09,97.99570246920003
2015-03-10,97.78212441920002
2015-03-11,97.79570741320003
2015-03-12,98.38642184040002
2015-03-13,98.36395342480003
2015-03-16,98.96340776040002
2015-03-17,99.35107158200003
2015-03-18,100.90139933920003
2015-03-19,100.41465885720002
2015-03-20,101.09692324320004
2015-03-23,101.35947230920003
2015-03-24,101.44901943680006
2015-03-25,100.47419820360005
2015-03-26,99.52605241200006
2015-03-27,99.94648377880006
2015-03-30,100.24937733520007
2015-03-31,99.99069802360006
2015-04-01,100.54702071000006
2015-04-02,100.48463050440006
2015-04-06,100.78286140600007
2015-04-07,100.70319121080009
2015-04-08,100.82154753640008
2015-04-09,99.89581605400008
2015-04-10,99.87152720280008
2015-04-13,99.99926075720008
2015-04-14,100.62792468680009
2015-04-15,100.52675097240008
2015-04-16,100.71922821960008
2015-04-17,100.91511113880007
2015-04-20,100.52934008280008
2015-04-21,100.51889084040008
2015-04-22,99.82098571240007
2015-04-23,100.32023073640006
2015-04-24,100.77362437080005
2015-04-27,100.62659274440006
2015-04-28,100.03921626120005
2015-04-29,99.07933135480005
2015-04-30,98.37535525240004
2015-05-01,97.75888161720003
2015-05-04,97.62389499000004
2015-05-05,97.61350202680003
2015-05-06,97.02379384440005
2015-05-07,96.87212111480005
2015-05-08,97.68368280120006
2015-05-11,96.52328160440005
2015-05-12,96.86936047480005
2015-05-13,96.90765342520005
2015-05-14,97.24734675320006
2015-05-15,98.23005675000006
2015-05-18,97.48040637560004
2015-05-19,96.61115986680007
2015-05-20,96.92827476600004
2015-05-21,97.77235546680005
2015-05-22,97.36217795000006
2015-05-26,97.23683633080006
2015-05-27,96.96742588600006
2015-05-28,96.94296509240006
2015-05-29,97.19639812280008
2015-06-01,97.19639812280008
2015-06-02,97.19639812280008
2015-06-03,97.20521112280008
2015-06-04,97.19639812280008
2015-06-05,97.18758512280007
2015-06-08,97.18758512280007
2015-06-09,97.18758512280007
2015-06-10,97.19639812280008
2015-06-11,97.20521112280008
2015-06-12,97.19639812280008
2015-06-15,97.18758512280007
2015-06-16,97.18758512280007
2015-06-17,97.20521112280007
2015-06-18,97.18758512280007
2015-06-19,97.19639812280008
2015-06-22,97.19639812280008
2015-06-23,97.19639812280008
2015-06-24,97.19639812280008
2015-06-25,97.20521112280008
2015-06-26,97.18758512280009
2015-06-29,97.19639812280009
2015-06-30,97.2052111228001
2015-07-01,97.19639812280009
2015-07-02,97.2052111228001
2015-07-06,97.2052111228001
2015-07-07,97.2052111228001
2015-07-08,97.22283712280009
2015-07-09,97.2052111228001
2015-07-10,97.2052111228001
2015-07-13,97.2140241228001
2015-07-14,97.2140241228001
2015-07-15,97.2140241228001
2015-07-16,97.2140241228001
2015-07-17,97.2140241228001
2015-07-20,97.19639812280009
2015-07-21,97.19639812280009
2015-07-22,97.19639812280009
2015-07-23,97.19639812280009
2015-07-24,97.2052111228001
2015-07-27,97.19639812280009
2015-07-28,97.19639812280009
2015-07-29,97.19639812280009
2015-07-30,97.19639812280009
2015-07-31,97.18758512280009
2015-08-03,97.5566331828001
2015-08-04,96.80996296200009
2015-08-05,96.4387688268001
2015-08-06,96.65133284200009
2015-08-07,97.39204255400008
2015-08-10,97.06205255880009
2015-08-11,97.69728723800007
2015-08-12,97.55730351400008
2015-08-13,97.12548990040008
2015-08-14,96.98132153640006
2015-08-17,97.47353778760005
2015-08-18,97.08337240440008
2015-08-19,97.56797486040006
2015-08-20,97.43558964920005
2015-08-21,96.80528405800005
2015-08-24,95.93034095480006
2015-08-25,94.39664074920007
2015-08-26,94.79215943560008
2015-08-27,95.16383274360008
2015-08-28,95.70988526360009
2015-08-31,95.04826021560008
2015-09-01,95.7390692156001
2015-09-02,95.38524021560009
2015-09-03,95.75591821560009
2015-09-04,96.31193521560009
2015-09-08,95.4189382156001
2015-09-09,95.6379752156001
2015-09-10,95.1156562156001
2015-09-11,95.70537121560008
2015-09-14,95.82331421560009
2015-09-15,94.3406022156001
2015-09-16,94.2395082156001
2015-09-17,95.7727672156001
2015-09-18,96.7500092156001
2015-09-21,95.68852221560009
2015-09-22,96.5309722156001
2015-09-23,96.29508621560011
2015-09-24,96.5983682156001
2015-09-25,96.1265962156001
2015-09-28,97.18808321560009
2015-09-29,97.84519421560009
2015-09-30,97.96313721560007
2015-10-01,98.12152761660009
2015-10-02,98.76510733960009
2015-10-05,98.2788396996001
2015-10-06,98.57990498360009
2015-10-07,98.5117207436001
2015-10-08,98.25210294760008
2015-10-09,98.30296723760009
2015-10-12,98.8384819276001
2015-10-13,98.91454780460009
2015-10-14,99.51424092960012
2015-10-15,99.3213019606001
2015-10-16,99.3298882616001
2015-10-19,99.4919071706001
2015-10-20,99.0455350666001
2015-10-21,99.50728000860009
2015-10-22,99.78699522860009
2015-10-23,98.9088484896001
2015-10-26,99.32222327060009
2015-10-27,99.64155504060008
2015-10-28,98.9657173256001
2015-10-29,97.98333768760008
2015-10-30,98.14340458360007
2015-11-02,98.11670458360007
2015-11-03,98.12560458360008
2015-11-04,98.11670458360008
2015-11-05,98.1256045836001
2015-11-06,98.09890458360009
2015-11-09,98.1167045836001
2015-11-10,98.0989045836001
2015-11-11,98.0989045836001
2015-11-12,98.1078045836001
2015-11-13,98.0989045836001
2015-11-16,98.11670458360011
2015-11-17,98.10780458360011
2015-11-18,98.10780458360011
2015-11-19,98.11670458360011
2015-11-20,98.10780458360011
2015-11-23,98.10780458360011
2015-11-24,98.11670458360011
2015-11-25,98.12560458360012
2015-11-27,98.12560458360012
2015-11-30,98.12560458360012
2015-12-01,99.07622458360012
2015-12-02,98.62684058360013
2015-12-03,96.57004458360012
2015-12-04,97.19226858360011
2015-12-07,97.86634458360011
2015-12-08,97.86634458360011
2015-12-09,98.2465925836001
2015-12-10,97.9009125836001
2015-12-11,99.3700525836001
2015-12-14,97.9700485836001
2015-12-15,97.27868858360011
2015-12-16,96.84658858360011
2015-12-17,97.69350458360012
2015-12-18,98.3675805836001
2015-12-21,98.47128458360011
2015-12-22,97.58980058360011
2015-12-23,97.24412058360011
2015-12-24,97.36510858360012
2015-12-28,97.65893658360012
2015-12-29,96.58732858360013
2015-12-30,96.63918058360012
2015-12-31,97.01942858360015
2016-01-04,97.01942858360015
2016-01-05,97.02823058360016
2016-01-06,97.01062658360014
2016-01-07,97.01942858360016
2016-01-08,97.02823058360018
2016-01-11,97.01942858360017
2016-01-12,97.02823058360019
2016-01-13,97.02823058360019
2016-01-14,97.04583458360018
2016-01-15,97.0546365836002
2016-01-19,97.08984458360018
2016-01-20,97.09864658360019
2016-01-21,97.09864658360019
2016-01-22,97.0810425836002
2016-01-25,97.0810425836002
2016-01-26,97.0810425836002
2016-01-27,97.0810425836002
2016-01-28,97.0810425836002
2016-01-29,97.0898445836002
2016-02-01,96.85553521360019
2016-02-02,97.93590081360021
2016-02-03,97.8000203656002
2016-02-04,98.26023657560019
2016-02-05,98.6978544316002
2016-02-08,100.0921785156002
2016-02-09,100.01991321360019
2016-02-10,100.65614106160021
2016-02-11,101.8980635836002
2016-02-12,100.66173622960021
2016-02-16,99.61330326760022
2016-02-17,99.31206880760021
2016-02-18,100.5115088336002
2016-02-19,100.3990114536002
2016-02-22,100.05812517160021
2016-02-23,100.5352049256002
2016-02-24,100.5748590996002
2016-02-25,101.1237166256002
2016-02-26,100.27771565560019
2016-02-29,100.8049807716002
2016-03-01,99.4473674988002
2016-03-02,99.4922107864002
2016-03-03,99.97187594570018
2016-03-04,99.53582599280018
2016-03-07,99.41501865390019
2016-03-08,100.23438454160019
2016-03-09,99.53549970020019
2016-03-10,99.39618210390019
2016-03-11,98.67337004810018
2016-03-14,98.64584524730019
2016-03-15,98.80153359450017
2016-03-16,99.54968936770017
2016-03-17,99.83103318810016
2016-03-18,100.10271529520014
2016-03-21,99.49513920510016
2016-03-22,99.35323823470016
2016-03-23,99.61422845840018
2016-03-24,99.42406431980017
2016-03-28,99.69691071550017
2016-03-29,100.90053753800017
2016-03-30,100.38255445480017
2016-03-31,100.96136035990017
2016-04-01,100.96898136590019
2016-04-04,100.59480136590018
2016-04-05,100.47327851190016
2016-04-06,100.64755223590018
2016-04-07,100.52325269390019
2016-04-08,100.76526115590016
2016-04-11,101.12296426590017
2016-04-12,101.47861145990016
2016-04-13,101.82900543390016
2016-04-14,101.33320561390016
2016-04-15,101.65473261390018
2016-04-18,101.78936564590016
2016-04-19,102.36312239990019
2016-04-20,101.65820184190018
2016-04-21,101.06887204790019
2016-04-22,100.9259622499002
2016-04-25,100.86833105790019
2016-04-26,101.12231585590017
2016-04-27,101.54781615190016
2016-04-28,101.59485890190017
2016-04-29,101.72521366790018
2016-05-02,100.74799565090017
2016-05-03,99.96480975530017
2016-05-04,99.43179710350016
2016-05-05,99.35193030500017
2016-05-06,99.57721044800016
2016-05-09,98.47253731170018
2016-05-10,99.52805245570016
2016-05-11,100.16259485070017
2016-05-12,100.03234288170017
2016-05-13,99.53878170570019
2016-05-16,100.07018527850016
2016-05-17,100.38465773970019
2016-05-18,99.68918213100017
2016-05-19,99.19259307850017
2016-05-20,99.3977978218002
2016-05-23,99.33305804520018
2016-05-24,99.11614351040018
2016-05-25,99.68318156610019
2016-05-26,99.95657889390019
2016-05-27,99.85424682020019
2016-05-31,100.17300815850018
2016-06-01,100.19001632170017
2016-06-02,100.72175972970017
2016-06-03,101.62339479290016
2016-06-06,101.55537251610015
2016-06-07,101.83683593810017
2016-06-08,102.36020730570016
2016-06-09,102.44823637770017
2016-06-10,102.21614455690016
2016-06-13,102.23348692050016
2016-06-14,102.14578599450016
2016-06-15,102.29666444450017
2016-06-16,102.22929619090016
2016-06-17,102.07270172210015
2016-06-20,101.94826831410015
2016-06-21,101.54978144410015
2016-06-22,101.52315754970014
2016-06-23,101.51783049410017
2016-06-24,101.59103292010016
2016-06-27,101.96453012530017
2016-06-28,103.01957586810016
2016-06-29,103.58672545610018
2016-06-30,103.77837316610018
2016-07-01,104.5098634285002
2016-07-05,104.2855332474002
2016-07-06,104.3704106259002
2016-07-07,103.6143785052002
2016-07-08,104.6764267894002
2016-07-11,104.49865085930021
2016-07-12,104.5264294319002
2016-07-13,104.7133767987002
2016-07-14,104.47582194740018
2016-07-15,104.08966204750018
2016-07-18,104.2246634821002
2016-07-19,104.15729830970018
2016-07-20,103.84104096660018
2016-07-21,103.95877984650016
2016-07-22,104.09002274300018
2016-07-25,103.57373965930017
2016-07-26,103.63854875820016
2016-07-27,103.85798201810016
2016-07-28,103.78631565790015
2016-07-29,104.58860949190014
2016-08-01,104.68503549190017
2016-08-02,103.96606549190017
2016-08-03,104.12408349190018
2016-08-04,104.25293949190018
2016-08-05,104.7039354919002
2016-08-08,104.7934624919002
2016-08-09,105.14368649190021
2016-08-10,104.94824249190019
2016-08-11,105.08097649190019
2016-08-12,105.0596654919002
2016-08-15,105.6000414919002
2016-08-16,105.05464849190018
2016-08-17,105.07350749190019
2016-08-18,105.41294349190021
2016-08-19,105.01304649190018
2016-08-22,104.90506749190018
2016-08-23,105.01317049190018
2016-08-24,104.44950449190019
2016-08-25,104.49911549190018
2016-08-26,104.1245844919002
2016-08-29,104.65622449190019
2016-08-30,104.3711354919002
2016-08-31,104.0163114919002
2016-09-01,104.06906220820021
2016-09-02,104.5084942362002
2016-09-06,105.14985106920021
2016-09-07,105.24919869640019
2016-09-08,104.8302022155002
2016-09-09,102.4942902982002
2016-09-12,103.38830194430021
2016-09-13,101.76355237170021
2016-09-14,101.9129447639002
2016-09-15,102.7537085965002
2016-09-16,102.52664920960021
2016-09-19,102.6794897228002
2016-09-20,102.71218762090021
2016-09-21,103.89278702500022
2016-09-22,104.71451802540022
2016-09-23,104.14473559230021
2016-09-26,103.50524821480022
2016-09-27,104.14590358360022
2016-09-28,104.56287164420021
2016-09-29,103.81721921510024
2016-09-30,104.25970065410021
2016-10-03,104.39975738220022
2016-10-04,103.45985811330021
2016-10-05,104.0453785546002
2016-10-06,103.9558761761002
2016-10-07,103.74333020970019
2016-10-10,104.42527561760019
2016-10-11,103.37887089500019
2016-10-12,102.95912851980019
2016-10-13,102.88384934200019
2016-10-14,102.69304614560019
2016-10-17,102.70589005010018
2016-10-18,103.45911346760018
2016-10-19,103.99670861720017
2016-10-20,103.67494894690017
2016-10-21,103.78564186500017
2016-10-24,104.07535089820017
2016-10-25,103.94657898590017
2016-10-26,103.42778850940017
2016-10-27,103.08949410230016
2016-10-28,102.83032746160016
2016-10-31,102.72815365670017
2016-11-01,102.50917890310016
2016-11-02,102.36752798790016
2016-11-03,102.13941353990016
2016-11-04,101.92683411910018
2016-11-07,102.41923561510016
2016-11-08,102.24095452550017
2016-11-09,99.58000488870016
2016-11-10,98.84170321030015
2016-11-11,98.42745875110016
2016-11-14,97.53686989510015
2016-11-15,97.99552044390016
2016-11-16,98.19779104230014
2016-11-17,97.92348205830015
2016-11-18,97.22515678790015
2016-11-21,97.80293920070014
2016-11-22,98.09689107110013
2016-11-23,97.30040847910013
2016-11-25,97.59350301830014
2016-11-28,98.16850896070015
2016-11-29,98.31938977830016
2016-11-30,97.30968705350016
2016-12-01,97.29204905350016
2016-12-02,97.32732505350015
2016-12-05,97.29204905350016
2016-12-06,97.32732505350015
2016-12-07,97.28323005350016
2016-12-08,97.28323005350016
2016-12-09,97.29204905350018
2016-12-12,97.29204905350018
2016-12-13,97.29204905350018
2016-12-14,97.28323005350016
2016-12-15,97.30968705350018
2016-12-16,97.33614405350019
2016-12-19,97.3537820535002
2016-12-20,97.3537820535002
2016-12-21,97.3626010535002
2016-12-22,97.28323005350018
2016-12-23,97.28323005350018
2016-12-27,97.28323005350018
2016-12-28,97.27441105350017
2016-12-29,97.2920490535002
2016-12-30,97.28323005350018
2017-01-03,97.3096870535002
2017-01-04,97.3008680535002
2017-01-05,97.2920490535002
2017-01-06,97.3185060535002
2017-01-09,97.33614405350019
2017-01-10,97.32732505350018
2017-01-11,97.32732505350018
2017-01-12,97.3361440535002
2017-01-13,97.3361440535002
2017-01-17,97.32732505350019
2017-01-18,97.33614405350022
2017-01-19,97.34496305350021
2017-01-20,97.34496305350021
2017-01-23,97.3537820535002
2017-01-24,97.3361440535002
2017-01-25,97.32732505350019
2017-01-26,97.3537820535002
2017-01-27,97.3361440535002
2017-01-30,97.3449630535002
2017-01-31,97.3361440535002
2017-02-01,97.27380105350018
2017-02-02,97.30905605350019
2017-02-03,97.73176905350019
2017-02-06,98.09974605350018
2017-02-07,98.20939305350018
2017-02-08,98.66538305350016
2017-02-09,98.46772705350016
2017-02-10,98.73658105350016
2017-02-13,98.80799905350017
2017-02-14,98.57278205350016
2017-02-15,98.69655505350015
2017-02-16,99.00412005350016
2017-02-17,99.27875305350017
2017-02-21,99.53477305350016
2017-02-22,99.66556905350018
2017-02-23,99.70984705350016
2017-02-24,100.05222705350018
2017-02-27,99.80290605350017
2017-02-28,99.28551305350017
2017-03-01,100.19099905350016
2017-03-02,99.21446205350016
2017-03-03,99.31085405350015
2017-03-06,98.95270005350015
2017-03-07,98.58048905350014
2017-03-08,97.90560105350015
2017-03-09,97.41293005350015
2017-03-10,97.73591405350015
2017-03-13,98.06178405350013
2017-03-14,97.69552505350013
2017-03-15,99.19461905350012
2017-03-16,99.32290605350013
2017-03-17,99.33952505350014
2017-03-20,99.47863005350013
2017-03-21,98.41972405350012
2017-03-22,98.54108005350014
2017-03-23,98.67798905350014
2017-03-24,98.72157905350014
2017-03-27,98.65957205350014
2017-03-28,99.04885905350014
2017-03-29,99.34974805350014
2017-03-30,99.36522705350016
2017-03-31,99.34318905350017
2017-04-03,99.88364305350017
2017-04-04,99.87298505350017
2017-04-05,99.85543305350016
2017-04-06,99.82849505350016
2017-04-07,99.49321305350014
2017-04-10,99.48506105350016
2017-04-11,100.03148905350017
2017-04-12,100.47824705350014
2017-04-13,100.26803105350015
2017-04-17,100.56110705350015
2017-04-18,100.85653905350014
2017-04-19,100.48458505350015
2017-04-20,100.67293105350015
2017-04-21,100.76413905350016
2017-04-24,101.41030705350018
2017-04-25,101.2907710535002
2017-04-26,101.29185305350018
2017-04-27,101.55426505350017
2017-04-28,101.71028105350017
2017-05-01,101.98061205350017
2017-05-02,102.15902405350015
2017-05-03,101.56878805350013
2017-05-04,101.47402705350014
2017-05-05,102.06383105350014
2017-05-08,101.68370105350014
2017-05-09,101.79875905350012
2017-05-10,102.11835705350012
2017-05-11,101.96653505350014
2017-05-12,102.15612005350013
2017-05-15,102.73342005350015
2017-05-16,103.05211905350014
2017-05-17,101.64990105350012
2017-05-18,101.47922805350014
2017-05-19,102.36821205350013
2017-05-22,102.82760405350014
2017-05-23,102.80679205350012
2017-05-24,103.08745205350012
2017-05-25,103.39541705350013
2017-05-26,103.52979405350014
2017-05-30,103.28097805350014
2017-05-31,103.25479105350013
2017-06-01,103.75207010590013
2017-06-02,104.80829485810011
2017-06-05,104.52881117410011
2017-06-06,104.46664941830012
2017-06-07,104.48609166130012
2017-06-08,104.2306974039001
2017-06-09,103.4930015307001
2017-06-12,103.3613363033001
2017-06-13,103.79999230290011
2017-06-14,104.0774257575001
2017-06-15,103.25602470030009
2017-06-16,103.44004007290009
2017-06-19,104.02666093030008
2017-06-20,103.46507773210008
2017-06-21,103.3587400493001
2017-06-22,103.4470016871001
2017-06-23,103.6759860605001
2017-06-26,103.8717215469001
2017-06-27,103.04248459310011
2017-06-28,103.62696727510011
2017-06-29,102.65602316210011
2017-06-30,102.71290368530012
2017-07-03,102.66191585530011
2017-07-05,102.8391766934001
2017-07-06,101.95043845770009
2017-07-07,102.2966065706001
2017-07-10,102.5690601105001
2017-07-11,102.8584635230001
2017-07-12,103.9287932282001
2017-07-13,104.0754027196001
2017-07-14,104.81361295730014
2017-07-17,104.70884392990011
2017-07-18,104.90658320880014
2017-07-19,105.50983960030015
2017-07-20,105.71513618430015
2017-07-21,105.54549098200015
2017-07-24,105.54018567810014
2017-07-25,105.59198850120015
2017-07-26,105.80719774130013
2017-07-27,105.53316457330016
2017-07-28,105.57709176250016
2017-07-31,105.56849542610016
2017-08-01,105.77279463460013
2017-08-02,106.03237674760014
2017-08-03,105.80523978240014
2017-08-04,105.81689934100015
2017-08-07,106.20233542310015
2017-08-08,105.92585232430017
2017-08-09,105.82478841150014
2017-08-10,104.37053863330014
2017-08-11,104.61386869280014
2017-08-14,104.83882232200015
2017-08-15,104.78849948380012
2017-08-16,105.01595647270017
2017-08-17,104.07305472710014
2017-08-18,104.45413835740013
2017-08-21,104.25690178480014
2017-08-22,104.89032411550014
2017-08-23,105.08476489880012
2017-08-24,104.80595906660012
2017-08-25,105.17365223110012
2017-08-28,105.16238100420011
2017-08-29,105.19772763350011
2017-08-30,105.26588074590009
2017-08-31,106.3273339466001
2017-09-01,106.35268294660011
2017-09-05,106.30270794660011
2017-09-06,106.48073594660012
2017-09-07,107.14047494660011
2017-09-08,106.78034994660011
2017-09-11,107.0608709466001
2017-09-12,107.15950894660011
2017-09-13,106.75070694660012
2017-09-14,106.89798394660012
2017-09-15,106.94797494660013
2017-09-18,106.67044994660013
2017-09-19,106.81892094660014
2017-09-20,106.26068394660011
2017-09-21,105.97568094660014
2017-09-22,106.03605594660013
2017-09-25,105.64087194660014
2017-09-26,105.39932894660012
2017-09-27,105.12331794660012
2017-09-28,105.2059889466001
2017-09-29,105.66475094660012
2017-10-02,105.50276232220013
2017-10-03,105.7510082686001
2017-10-04,105.63977357520011
2017-10-05,105.75064010820013
2017-10-06,105.28948632440012
2017-10-09,105.28457592320012
2017-10-10,105.8093712690001
2017-10-11,105.93715852680012
2017-10-12,105.97844704320013
2017-10-13,106.57263510620012
2017-10-16,106.42273858780011
2017-10-17,106.20286323800012
2017-10-18,106.03190568560012
2017-10-19,106.05078912220011
2017-10-20,105.6448788036001
2017-10-23,105.5681410294001
2017-10-24,105.50006250000008
2017-10-25,105.2434813524001
2017-10-26,105.33667206280009
2017-10-27,105.66598402980009
2017-10-30,106.0516111970001
2017-10-31,106.3797937336001
2017-11-01,106.44742848530007
2017-11-02,106.74962638650008
2017-11-03,107.1780816658001
2017-11-06,107.84306486220007
2017-11-07,108.04755061260009
2017-11-08,108.0617678494001
2017-11-09,107.80902228300008
2017-11-10,107.07776072670009
2017-11-13,106.96593277040009
2017-11-14,106.7339299223001
2017-11-15,106.4975200103001
2017-11-16,106.7158288268001
2017-11-17,107.1535921872001
2017-11-20,106.77650078580011
2017-11-21,107.1788300698001
2017-11-22,107.80479967160011
2017-11-24,107.98814289160009
2017-11-27,108.0522217326001
2017-11-28,107.91363092590012
2017-11-29,107.21229415270011
2017-11-30,106.97740879440009
2017-12-01,107.2702674600001
2017-12-04,106.9955856936001
2017-12-05,106.85339185040012
2017-12-06,106.78820664400011
2017-12-07,106.88247468880009
2017-12-08,106.9761917000001
2017-12-11,107.1094166984001
2017-12-12,106.92967011280007
2017-12-13,107.54151264400011
2017-12-14,107.32308576400008
2017-12-15,107.38191114000007
2017-12-18,107.7572604424001
2017-12-19,106.82025496080007
2017-12-20,106.52168602320006
2017-12-21,106.64127078480008
2017-12-22,106.67310871120009
2017-12-26,106.5588044968001
2017-12-27,107.00148132880007
2017-12-28,106.96745082640008
2017-12-29,106.97209970960007
2018-01-02,107.34362879320008
2018-01-03,107.91843456940009
2018-01-04,107.99577371860006
2018-01-05,107.97828645760006
2018-01-08,108.03503742760006
2018-01-09,107.78768087820005
2018-01-10,107.67602760700005
2018-01-11,108.10396828800005
2018-01-12,108.36185515920006
2018-01-16,108.21073470740006
2018-01-17,108.46246027120006
2018-01-18,108.24643126380006
2018-01-19,108.05423885340007
2018-01-22,108.49292503120004
2018-01-23,109.11423742640002
2018-01-24,109.21831795240003
2018-01-25,109.28824288640001
2018-01-26,109.68430799120003
2018-01-29,108.93601892440002
2018-01-30,108.09425014980002
2018-01-31,108.17468714220006
2018-02-01,107.29739614220004
2018-02-02,105.87106614220006
2018-02-05,104.56562514220005
2018-02-06,105.50636114220005
2018-02-07,104.28267114220006
2018-02-08,102.46991814220006
2018-02-09,103.15618914220006
2018-02-12,103.79569814220008
2018-02-13,104.23320814220008
2018-02-14,104.41647314220008
2018-02-15,105.36846814220007
2018-02-16,105.40761414220009
2018-02-20,105.08898814220007
2018-02-21,104.55549714220008
2018-02-22,104.78519414220008
2018-02-23,106.09657714220009
2018-02-26,106.7732461422001
2018-02-27,105.60251514220009
2018-02-28,105.2734651422001
2018-03-01,105.19710514220009
2018-03-02,105.18756014220011
2018-03-05,105.18756014220011
2018-03-06,105.19710514220007
2018-03-07,105.2066501422001
2018-03-08,105.23528514220011
2018-03-09,105.23528514220011
2018-03-12,105.23528514220011
2018-03-13,105.24483014220009
2018-03-14,105.23528514220011
2018-03-15,105.2257401422001
2018-03-16,105.25437514220012
2018-03-19,105.2448301422001
2018-03-20,105.2448301422001
2018-03-21,105.28301014220014
2018-03-22,105.25437514220013
2018-03-23,105.29255514220011
2018-03-26,105.28301014220014
2018-03-27,105.31164514220016
2018-03-28,105.30210014220015
2018-03-29,105.34982514220017
2018-04-02,105.06231897580017
2018-04-03,104.69097247300016
2018-04-04,104.67386369980017
2018-04-05,104.60469943020016
2018-04-06,104.53533455740016
2018-04-09,104.87625371260016
2018-04-10,105.40037023020017
2018-04-11,105.8989435650002
2018-04-12,105.31055003980018
2018-04-13,105.31268240260015
2018-04-16,105.09200641860018
2018-04-17,105.33964411580016
2018-04-18,105.47657306740017
2018-04-19,104.90863149820018
2018-04-20,104.28822391300017
2018-04-23,103.86235672740017
2018-04-24,103.63512917180016
2018-04-25,103.19306027740016
2018-04-26,103.68276143980016
2018-04-27,104.00538093660015
2018-04-30,103.96169637220015
2018-05-01,103.85807637220016
2018-05-02,103.85807637220016
2018-05-03,103.85807637220016
2018-05-04,103.87691637220014
2018-05-07,103.88633637220018
2018-05-08,103.87691637220016
2018-05-09,103.88633637220019
2018-05-10,103.89575637220018
2018-05-11,103.90517637220019
2018-05-14,103.89575637220018
2018-05-15,103.9145963722002
2018-05-16,103.90517637220017
2018-05-17,103.93343637220019
2018-05-18,103.93343637220019
2018-05-21,103.92401637220017
2018-05-22,103.92401637220017
2018-05-23,103.96169637220017
2018-05-24,103.96169637220017
2018-05-25,103.98995637220017
2018-05-29,104.01821637220019
2018-05-30,103.99937637220017
2018-05-31,104.00879637220017
2018-06-01,103.87938319620018
2018-06-04,103.53364271380018
2018-06-05,103.98659414740018
2018-06-06,103.79775490500018
2018-06-07,104.17178262180019
2018-06-08,104.03526185300018
2018-06-11,103.96847588580016
2018-06-12,104.08949385140016
2018-06-13,103.85234681220015
2018-06-14,104.35443119060017
2018-06-15,104.03543672100017
2018-06-18,104.31927431060016
2018-06-19,104.32789216180018
2018-06-20,104.10610532820016
2018-06-21,104.00857582020018
2018-06-22,104.21976637700017
2018-06-25,103.47020505460017
2018-06-26,103.95253423060016
2018-06-27,104.03706722980016
2018-06-28,104.18027952820013
2018-06-29,104.41576544100013
2018-07-02,104.27395544100014
2018-07-03,104.28340944100015
2018-07-05,104.30231744100014
2018-07-06,104.30231744100014
2018-07-09,104.30231744100014
2018-07-10,104.30231744100014
2018-07-11,104.32122544100015
2018-07-12,104.33067944100016
2018-07-13,104.33067944100016
2018-07-16,104.34013344100015
2018-07-17,104.34013344100015
2018-07-18,104.34958744100015
2018-07-19,104.34958744100015
2018-07-20,104.35904144100013
2018-07-23,104.36849544100014
2018-07-24,104.36849544100014
2018-07-25,104.37794944100014
2018-07-26,104.39685744100015
2018-07-27,104.38740344100015
2018-07-30,104.39685744100015
2018-07-31,104.40631144100014
2018-08-01,104.13769844100014
2018-08-02,104.75365544100015
2018-08-03,105.07669944100016
2018-08-07,105.34152144100015
2018-08-09,105.72273544100014
2018-08-10,105.84967244100015
2018-08-13,105.67144544100015
2018-08-14,105.90053744100014
2018-08-15,105.62338044100017
2018-08-16,105.96439844100014
2018-08-17,106.09586744100017
2018-08-20,106.53960644100017
2018-08-21,106.66333744100015
2018-08-22,106.97177244100016
2018-08-23,106.86810444100014
2018-08-24,107.24740844100016
2018-08-27,107.29342244100017
2018-08-28,107.21804144100017
2018-08-29,107.51809944100017
2018-08-30,107.55479944100017
2018-08-31,107.66792144100017
2018-09-04,107.28173244100017
2018-09-05,106.87576244100015
2018-09-06,106.76251644100014
2018-09-07,106.20454544100015
2018-09-10,106.29598744100015
2018-09-11,106.15093744100015
2018-09-12,106.17998844100019
2018-09-13,106.4573534410002
2018-09-14,106.29458144100018
2018-09-17,105.76593844100017
2018-09-18,105.50491744100017
2018-09-19,105.35697544100019
2018-09-20,105.91932244100018
2018-09-21,105.59925344100017
2018-09-24,105.39199444100016
2018-09-25,105.32701544100016
2018-09-26,105.09819844100016
2018-09-27,105.41834544100016
2018-09-28,105.51888244100017
2018-10-01,105.35646444100018
2018-10-02,105.34691044100019
2018-10-03,105.3660184410002
2018-10-04,105.38512644100018
2018-10-05,105.38512644100018
2018-10-08,105.39468044100019
2018-10-09,105.39468044100019
2018-10-10,105.39468044100019
2018-10-11,105.4042344410002
2018-10-12,105.42334244100022
2018-10-15,105.42334244100022
2018-10-16,105.43289644100018
2018-10-17,105.4137884410002
2018-10-18,105.46155844100018
2018-10-19,105.46155844100018
2018-10-22,105.46155844100018
2018-10-23,105.47111244100019
2018-10-24,105.4806664410002
2018-10-25,105.49977444100017
2018-10-26,105.50932844100016
2018-10-29,105.50932844100016
2018-10-30,105.51888244100016
2018-10-31,105.52843644100017
2018-11-01,105.36601844100018
2018-11-02,105.35646444100017
2018-11-05,105.36601844100016
2018-11-06,105.35646444100016
2018-11-07,105.37557244100016
2018-11-08,105.38512644100014
2018-11-09,105.39468044100015
2018-11-12,105.43289644100014
2018-11-13,105.42334244100016
2018-11-14,105.43289644100012
2018-11-15,105.44245044100013
2018-11-16,105.45200444100013
2018-11-19,105.47111244100013
2018-11-20,105.48066644100014
2018-11-21,105.48066644100014
2018-11-23,105.50932844100012
2018-11-26,105.50932844100012
2018-11-27,105.51888244100012
2018-11-28,105.52843644100012
2018-11-29,105.5379904410001
2018-11-30,105.5475444410001
2018-12-03,106.35349244100011
2018-12-04,105.66662244100011
2018-12-06,106.21659544100011
2018-12-07,105.5095564410001
2018-12-10,105.30745144100011
2018-12-11,105.2157874410001
2018-12-12,105.0302874410001
2018-12-13,104.9460324410001
2018-12-14,104.5548194410001
2018-12-17,103.72552744100011
2018-12-18,104.2208464410001
2018-12-19,103.90675744100011
2018-12-20,103.3694284410001
2018-12-21,102.63358544100012
2018-12-24,101.72222244100011
2018-12-26,102.4442764410001
2018-12-27,102.8140674410001
2018-12-28,103.49885544100013
2018-12-31,104.01510744100014
2019-01-02,104.42966774860012
2019-01-03,105.63942173620015
2019-01-04,104.34995944800013
2019-01-07,104.11607647000012
2019-01-08,103.76672628700013
2019-01-09,103.92078591940012
2019-01-10,103.63098052020013
2019-01-11,104.02889091400012
2019-01-14,103.93064031060011
2019-01-15,103.7557560112001
2019-01-16,103.74346391320012
2019-01-17,103.58709850040012
2019-01-18,103.06148315860011
2019-01-22,103.64548114960012
2019-01-23,103.61003917360011
2019-01-24,104.02054279040011
2019-01-25,103.93605334040012
2019-01-28,104.02906830640012
2019-01-29,104.53912555160012
2019-01-30,104.89429757640012
2019-01-31,105.6377399852001
2019-02-01,105.30838298520008
2019-02-04,105.95260098520008
2019-02-05,106.54721498520009
2019-02-06,106.0026839852001
2019-02-07,105.47075998520008
2019-02-08,105.54458298520008
2019-02-11,105.54657498520007
2019-02-12,106.35054998520008
2019-02-13,106.37129798520007
2019-02-14,106.58286798520007
2019-02-15,107.3376589852001
2019-02-19,107.8961599852001
2019-02-20,107.94990798520008
2019-02-21,107.5257829852001
2019-02-22,108.29843798520011
2019-02-25,108.4701069852001
2019-02-26,108.26715498520011
2019-02-27,107.92054598520012
2019-02-28,107.5938299852001
2019-03-01,107.42971790840011
2019-03-04,107.31002818040011
2019-03-05,107.3446790332001
2019-03-06,106.61564858680009
2019-03-07,106.05288183640009
2019-03-08,106.1226130332001
2019-03-11,107.28618893400008
2019-03-12,107.73277002840008
2019-03-13,108.4850743036001
2019-03-14,108.20551590360012
2019-03-15,108.48576672440007
2019-03-18,108.67877279480007
2019-03-19,108.68565226680006
2019-03-20,108.85445459320005
2019-03-21,109.78712919160004
2019-03-22,108.10711785560004
2019-03-25,108.29990121560004
2019-03-26,108.87669754520005
2019-03-27,108.35018695960004
2019-03-28,108.32865832280005
2019-03-29,108.69378833720006
2019-04-01,108.97801999220006
2019-04-02,109.18266378350006
2019-04-03,109.20406490800008
2019-04-04,109.40539056580006
2019-04-05,109.92761128480007
2019-04-08,109.79458208770006
2019-04-09,109.61702119160005
2019-04-10,110.12747974280003
2019-04-11,109.73851351190002
2019-04-12,110.00376692120004
2019-04-15,109.86509454190005
2019-04-16,109.52316058810005
2019-04-17,109.43922645590004
2019-04-18,109.77280283280005
2019-04-22,109.39295399200006
2019-04-23,110.15421049340007
2019-04-24,110.17876628570009
2019-04-25,110.13617714020009
2019-04-26,110.57901075820007
2019-04-29,110.27438283130009
2019-04-30,110.44319414620007
2019-05-01,109.83572414620006
2019-05-02,109.78324314620008
2019-05-03,111.18213314620007
2019-05-06,110.38818014620007
2019-05-07,108.33771414620008
2019-05-08,108.20104214620008
2019-05-09,107.67071614620005
2019-05-10,108.31121914620005
2019-05-13,105.60832614620006
2019-05-14,106.65340414620003
2019-05-15,107.31410014620005
2019-05-16,107.95339914620004
2019-05-17,106.92003514620005
2019-05-20,105.92753514620003
2019-05-21,107.02215714620004
2019-05-22,106.65881014620004
2019-05-23,105.42122514620003
2019-05-24,105.90278514620002
2019-05-28,105.20176314620004
2019-05-29,104.53989514620001
2019-05-30,104.85687114620004
2019-05-31,104.11819714620002
2019-06-03,104.95325821339999
2019-06-04,104.3155384521
2019-06-05,104.29811852270001
2019-06-06,104.35629475639999
2019-06-07,105.10774645890001
2019-06-10,104.2027072471
2019-06-11,104.2197643568
2019-06-12,104.5575546541
2019-06-13,105.00763530340001
2019-06-14,105.1152420733
2019-06-17,105.12782813119999
2019-06-18,105.6037556045
2019-06-19,106.08939895239999
2019-06-20,106.87844599820001
2019-06-21,106.3215094768
2019-06-24,107.1858368003
2019-06-25,107.3155308258
2019-06-26,106.507077493
2019-06-27,106.99404502899999
2019-06-28,107.1041529358
2019-07-01,107.42757009610001
2019-07-02,107.86492217240001
2019-07-03,108.37258648470001
2019-07-05,107.89638531950003
2019-07-08,107.32665184370003
2019-07-09,107.43533468790002
2019-07-10,108.11965857390001
2019-07-11,107.79944864180003
2019-07-12,108.25622301480001
2019-07-15,108.3401126587
2019-07-16,107.93840698769999
2019-07-17,107.94320592679999
2019-07-18,108.48860800829998
2019-07-19,107.77634143629999
2019-07-22,107.9555983758
2019-07-23,108.20055879969998
2019-07-24,108.90631471089998
2019-07-25,108.17265074489998
2019-07-26,108.74922163479997
2019-07-29,108.67872900669997
2019-07-30,108.59381377909999
2019-07-31,107.63010789949999
2019-08-01,109.55477089949999
2019-08-02,109.94023189949996
2019-08-05,111.11594789949999
2019-08-06,111.76874889949998
2019-08-07,112.22434989949998
2019-08-08,112.7033058995
2019-08-09,112.42350989949998
2019-08-12,113.67532189949999
2019-08-13,113.08614489949998
2019-08-14,114.11058189949998
2019-08-15,115.3672238995
2019-08-16,114.97615189950001
2019-08-19,114.05464289950001
2019-08-20,114.76831989950001
2019-08-21,114.3317548995
2019-08-22,113.9689128995
2019-08-23,115.23480489949998
2019-08-26,115.1165078995
2019-08-27,116.03035389949999
2019-08-28,116.11352689949997
2019-08-29,115.82382689949996
2019-08-30,115.79354689949996
2019-09-03,116.48856089949996
2019-09-04,117.00254889949996
2019-09-05,115.09961889949997
2019-09-06,115.18427689949998
2019-09-09,113.97583089949995
2019-09-10,112.46694689949997
2019-09-11,112.43014689949997
2019-09-12,112.20773289949999
2019-09-13,110.42781089949996
2019-09-16,111.43200489949996
2019-09-17,112.04642089949998
2019-09-18,111.99815889949997
2019-09-19,112.19001889949998
2019-09-20,113.26478289949999
2019-09-23,113.5386328995
2019-09-24,114.28288489949998
2019-09-25,112.79071489949999
2019-09-26,113.31105289950001
2019-09-27,113.30657289950001
2019-09-30,113.17889689949999
2019-10-01,113.53507116400002
2019-10-02,113.88616818680003
2019-10-03,114.65108042920002
2019-10-04,115.10346670940005
2019-10-07,114.52506800240003
2019-10-08,114.84864533450003
2019-10-09,114.31120384260005
2019-10-10,113.22485666130004
2019-10-11,112.31242213230003
2019-10-14,112.82454291360004
2019-10-15,112.24517072680004
2019-10-16,112.68134512700006
2019-10-17,112.61573183760005
2019-10-18,112.83362061450003
2019-10-21,112.49759091650004
2019-10-22,112.80787938100003
2019-10-23,112.98221755210002
2019-10-24,112.95168961680004
2019-10-25,112.47940897010002
2019-10-28,111.79176317940004
2019-10-29,112.18490572620003
2019-10-30,113.01826988950002
2019-10-31,114.09268507660002
2019-11-01,114.58928674660001
2019-11-04,114.62799934160005
2019-11-05,114.15313681160004
2019-11-06,114.24943623910004
2019-11-07,113.93260329410003
2019-11-08,113.95631179410003
2019-11-11,113.89192255660005
2019-11-12,113.93828259410004
2019-11-13,114.12114397910005
2019-11-14,114.19886405160005
2019-11-15,114.74327064910004
2019-11-18,115.03668885660004
2019-11-19,115.02647388660004
2019-11-20,114.62758355910005
2019-11-21,114.15973187410005
2019-11-22,114.14187720410007
2019-11-25,114.73368758410005
2019-11-26,115.19239061910005
2019-11-27,115.44091801660005
2019-11-29,115.04019133160003
2019-12-02,114.46737291360004
2019-12-03,114.24391158760007
2019-12-04,114.56812077760006
2019-12-05,114.76572391360007
2019-12-06,115.53717934260006
2019-12-09,115.39968505210004
2019-12-10,115.34803697510006
2019-12-11,115.61011762160004
2019-12-12,115.97332569110003
2019-12-13,116.66823068410002
2019-12-16,116.89629252410003
2019-12-17,117.01056431110001
2019-12-18,116.89933208310003
2019-12-19,117.22737791510002
2019-12-20,117.25878027110002
2019-12-23,117.2619880151
2019-12-24,117.35459664460002
2019-12-26,117.71274026210003
2019-12-27,117.78935031560002
2019-12-30,117.28311120260003
2019-12-31,117.53624710359999
2020-01-02,118.7531840972
2020-01-03,119.31008591
2020-01-06,119.28905189079998
2020-01-07,119.04391499639998
2020-01-08,118.57482330679997
2020-01-09,118.76771366359998
2020-01-10,119.07425538519998
2020-01-13,119.25049464919998
2020-01-14,119.38384520920002
2020-01-15,119.42720139160001
2020-01-16,119.53361609560001
2020-01-17,119.64343703159999
2020-01-21,119.5612685836
2020-01-22,119.47699859640001
2020-01-23,119.427390758
2020-01-24,119.1997320044
2020-01-27,118.6132290652
2020-01-28,118.7291329228
2020-01-29,119.31484416440001
2020-01-30,118.9775913644
2020-01-31,118.80749095639999
2020-02-03,118.81268995639999
2020-02-04,118.0799269564
2020-02-05,117.4667709564
2020-02-06,117.91672395639999
2020-02-07,118.6391069564
2020-02-10,119.21740595639996
2020-02-11,118.78613095639996
2020-02-12,118.49975595639997
2020-02-13,118.81066495639998
2020-02-14,119.21766895639995
2020-02-18,119.90842495639998
2020-02-19,120.17329095639997
2020-02-20,120.56914095639998
2020-02-21,121.10739095639998
2020-02-24,121.70161795639999
2020-02-25,121.26315795639998
2020-02-26,121.2810929564
2020-02-27,121.09062995640001
2020-02-28,122.2646569564
2020-03-02,121.9608777084
2020-03-03,124.59442012640001
2020-03-04,124.15127456039998
2020-03-05,126.23280512639998
2020-03-06,128.80893159040002
2020-03-09,130.3233262624
2020-03-10,126.20452719240001
2020-03-11,124.80200067640001
2020-03-12,123.07010308240001
2020-03-13,120.62817098039999
2020-03-16,123.98658562039999
2020-03-17,119.84412245639999
2020-03-18,115.44407629439999
2020-03-19,115.67036762039999
2020-03-20,119.8013748444
2020-03-23,123.53614284439999
2020-03-24,123.5221291784
2020-03-25,123.62612228439998
2020-03-26,124.7039259264
2020-03-27,126.91001610840001
2020-03-30,126.65130260839999
2020-03-31,126.30192102240001
2020-04-01,127.54341902240002
2020-04-02,127.40920302239999
2020-04-03,127.76152002239998
2020-04-06,126.33547502239996
2020-04-07,125.32885502239999
2020-04-08,124.72488302240001
2020-04-09,125.24497002239997
2020-04-13,125.0436460224
2020-04-14,125.21141602239996
2020-04-15,127.19110202239999
2020-04-16,127.77829702239995
2020-04-17,126.68779202239998
2020-04-20,127.47631102239995
2020-04-21,128.24805302239994
2020-04-22,127.59375002239992
2020-04-23,127.44275702239995
2020-04-24,127.54341902239995
2020-04-27,126.40258302239995
2020-04-28,127.35887202239991
2020-04-29,127.2582100223999
2020-04-30,126.92267002239991
2020-05-01,126.72804402239991
2020-05-04,126.96719602239993
2020-05-05,127.04036802239996
2020-05-06,126.06776002239994
2020-05-07,127.72432402239994
2020-05-08,127.25421202239993
2020-05-11,126.80896602239993
2020-05-12,127.16451202239993
2020-05-13,127.45661202239995
2020-05-14,128.00077002239996
2020-05-15,128.29177402239995
2020-05-18,127.27590202239996
2020-05-19,127.95187602239996
2020-05-20,128.52871802239997
2020-05-21,128.07631002239995
2020-05-22,128.45635602239997
2020-05-26,127.62979602239996
2020-05-27,127.80146202239996
2020-05-28,127.68445002239997
2020-05-29,128.70982402239997
2020-06-01,128.95750302169998
2020-06-02,128.78999462699997
2020-06-03,127.85583571139998
2020-06-04,127.51307504059996
2020-06-05,126.79451641969997
2020-06-08,127.75378794319997
2020-06-09,128.73641591949996
2020-06-10,130.31512780689994
2020-06-11,129.07700253169995
2020-06-12,128.66365102019992
2020-06-15,128.04182842489996
2020-06-16,129.05923286879994
2020-06-17,129.26627778519995
2020-06-18,129.60712470679994
2020-06-19,129.78855038429995
2020-06-22,129.99760101769994
2020-06-23,130.59837835699994
2020-06-24,130.01542176879994
2020-06-25,129.88487780169993
2020-06-26,129.96441722869994
2020-06-29,129.89264749119994
2020-06-30,130.24860058999994
2020-07-01,130.64364180249996
2020-07-02,131.69042733999993
2020-07-06,133.90916490249992
2020-07-07,132.9673946899999
2020-07-08,134.33237265249994
2020-07-09,134.02449511499995
2020-07-10,134.4573396649999
2020-07-13,133.4671939149999
2020-07-14,134.42231131499992
2020-07-15,135.5417764524999
2020-07-16,134.69974830249993
2020-07-17,135.1485243274999
2020-07-20,136.38265533999993
2020-07-21,137.03857812749996
2020-07-22,137.57959283999998
2020-07-23,136.81315986499996
2020-07-24,136.21975150249995
2020-07-27,137.75040278999992
2020-07-28,137.04562000249993
2020-07-29,138.6573333399999
2020-07-30,138.1994833274999
2020-07-31,138.6774622149999
2020-08-03,139.5878622149999
2020-08-04,140.9003642149999
2020-08-05,141.83235321499993
2020-08-06,142.76893721499988
2020-08-07,141.8716722149999
2020-08-10,141.90529921499987
2020-08-11,139.49080821499987
2020-08-12,140.47493521499987
2020-08-13,140.63053221499985
2020-08-14,140.43509121499986
2020-08-17,141.71369021499987
2020-08-18,142.21218121499987
2020-08-19,140.7982592149999
2020-08-20,141.39743721499988
2020-08-21,141.57157421499988
2020-08-24,142.29333921499986
2020-08-25,142.67475021499985
2020-08-26,143.49811421499987
2020-08-27,142.75157221499987
2020-08-28,143.91265521499986
2020-08-31,143.45103521499985
2020-09-01,144.45510126609986
2020-09-02,145.32034241369985
2020-09-03,143.58253596499983
2020-09-04,141.98360037679984
2020-09-08,140.72880866489984
2020-09-09,141.31954304859985
2020-09-10,140.98436260469987
2020-09-11,141.16257539259985
2020-09-14,142.11526346229985
2020-09-15,142.38695141289986
2020-09-16,141.98619404899986
2020-09-17,141.39150389249986
2020-09-18,140.80628781639987
2020-09-21,140.78631818859984
2020-09-22,141.33736015599985
2020-09-23,139.97274697569983
2020-09-24,139.90268481409984
2020-09-25,140.89068749539985
2020-09-28,142.06364900909986
2020-09-29,142.06973946659988
2020-09-30,141.63142518699988
2020-10-01,142.92875304149987
2020-10-02,141.6912741352999
2020-10-05,144.0039007420999
2020-10-06,143.1121275720999
2020-10-07,144.60748820829988
2020-10-08,145.62480712429988
2020-10-09,146.9080164185999
2020-10-12,148.4153682546999
2020-10-13,147.6304875673999
2020-10-14,147.00569192449993
2020-10-15,146.7585182438999
2020-10-16,146.33067403289994
2020-10-19,145.45615424419992
2020-10-20,145.8319903514999
2020-10-21,146.1819373183999
2020-10-22,146.1867223078999
2020-10-23,146.6377299148999
2020-10-26,144.83983830429992
2020-10-27,144.9474051359999
2020-10-28,141.3955810474999
2020-10-29,142.3875372007999
2020-10-30,140.6571164098999
2020-11-02,141.5507474098999
2020-11-03,142.4122314098999
2020-11-04,145.5192464098999
2020-11-05,147.2271834098999
2020-11-06,146.6635914098999
2020-11-09,146.09213940989991
2020-11-10,145.57433940989992
2020-11-11,146.36508240989988
2020-11-12,146.43473040989988
2020-11-13,147.32850540989986
2020-11-16,148.35736340989988
2020-11-17,148.6803614098999
2020-11-18,148.0240754098999
2020-11-19,148.60675040989992
2020-11-20,148.9050944098999
2020-11-23,149.0660414098999
2020-11-24,150.1316214098999
2020-11-25,150.1225364098999
2020-11-27,151.1012194098999
2020-11-30,149.9230924098999
2020-12-01,152.02684058879987
2020-12-02,152.15604171049986
2020-12-03,152.8594135026999
2020-12-04,154.0850126612999
2020-12-07,153.8898014238999
2020-12-08,154.49337787879992
2020-12-09,153.4354778346999
2020-12-10,154.0142118432999
2020-12-11,153.62108084559986
2020-12-14,153.54429854619988
2020-12-15,155.3644639974999
2020-12-16,155.83726927899988
2020-12-17,157.13786821159988
2020-12-18,156.41427435539987
2020-12-21,155.09359346759987
2020-12-22,154.77820510829983
2020-12-23,155.59381016749987
2020-12-24,155.81162400869988
2020-12-28,156.58375620349986
2020-12-29,157.04729853809985
2020-12-30,157.57395925359984
2020-12-31,157.33974776219983
2021-01-04,156.2037262925998
2021-01-05,158.44732805359985
2021-01-06,159.07499063319986
2021-01-07,161.13444878349983
2021-01-08,162.83960217029986
2021-01-11,161.68598745409986
2021-01-12,163.00407043029983
2021-01-13,163.24839093509985
2021-01-14,164.23440042949983
2021-01-15,162.5161683511998
2021-01-19,164.0142647890998
2021-01-20,165.6582458429998
2021-01-21,165.80291627609978
2021-01-22,165.27324658909978
2021-01-25,166.05048224759977
2021-01-26,165.64061713389978
2021-01-27,163.00402696389978
2021-01-28,162.84292402579976
2021-01-29,160.23933854879976
2021-02-01,162.09320692359978
2021-02-02,162.6959685741998
2021-02-03,162.93349219099983
2021-02-04,163.6312463899998
2021-02-05,164.0457107769998
2021-02-08,165.37023027019978
2021-02-09,166.0600910295998
2021-02-10,166.31268767759983
2021-02-11,166.44744339739984
2021-02-12,166.3467341851998
2021-02-16,165.34099056139985
2021-02-17,165.58275480899982
2021-02-18,164.75364944079985
2021-02-19,164.68354293959982
2021-02-22,164.1592063277998
2021-02-23,164.13449050019986
2021-02-24,164.93538615279982
2021-02-25,161.1938996665998
2021-02-26,161.32098877659982
2021-03-01,162.4852297785998
2021-03-02,161.95650296459982
2021-03-03,161.04795045259982
2021-03-04,159.2713495825998
2021-03-05,160.33271287659983
2021-03-08,158.85239159259982
2021-03-09,160.60887561259983
2021-03-10,161.39178417659983
2021-03-11,163.24677224059982
2021-03-12,161.61532231659984
2021-03-15,161.93011651859982
2021-03-16,161.4094960365998
2021-03-17,161.3058290765998
2021-03-18,158.0044874645998
2021-03-19,158.6408031385998
2021-03-22,158.8833194145998
2021-03-23,157.36779317259982
2021-03-24,157.04796847059984
2021-03-25,156.76586097259985
2021-03-26,158.05947032859982
2021-03-29,156.64736898859982
2021-03-30,156.75529985259982
2021-03-31,156.93462912659982
2021-04-01,158.75795844189977
2021-04-05,157.89888913959982
2021-04-06,159.01394669889976
2021-04-07,158.5498693894998
2021-04-08,159.3668217371998
2021-04-09,158.8834736483998
2021-04-12,158.69837104319978
2021-04-13,159.67784740099978
2021-04-14,160.34740772109978
2021-04-15,162.03908479429978
2021-04-16,161.67695178079978
2021-04-19,161.39126474049976
2021-04-20,161.50103505989975
2021-04-21,162.16782078989976
2021-04-22,162.17479377759977
2021-04-23,162.86493505909976
2021-04-26,163.32258086009972
2021-04-27,162.95373013089971
2021-04-28,163.28450450379967
2021-04-29,163.3423285400997
2021-04-30,163.26647371309969
2021-05-03,163.5476994655997
2021-05-04,163.6468672113997
2021-05-05,163.4550663515997
2021-05-06,163.7785193767997
2021-05-07,164.63692021819972
2021-05-10,163.4937480822997
2021-05-11,163.1052807458997
2021-05-12,160.8137499370997
2021-05-13,161.3673164033997
2021-05-14,162.75942215809968
2021-05-17,163.04038364909968
2021-05-18,162.73760964889968
2021-05-19,161.3423729158997
2021-05-20,162.1355865020997
2021-05-21,162.44993641219966
2021-05-24,163.52248288339965
2021-05-25,163.82283482389965
2021-05-26,164.31576798809965
2021-05-27,164.59782805279966
2021-05-28,164.74099678019965
2021-06-01,165.24380206599966
2021-06-02,165.76665495419965
2021-06-03,164.39418095879967
2021-06-04,166.17236402859965
2021-06-07,166.09209934179964
2021-06-08,166.5424567189996
2021-06-09,167.1459411597996
2021-06-10,167.9322851657996
2021-06-11,167.45614678019965
2021-06-14,166.74390129519963
2021-06-15,166.69081463319964
2021-06-16,164.92350777359965
2021-06-17,163.66451413459964
2021-06-18,164.03514624159968
2021-06-21,164.35990705359967
2021-06-22,164.40963465739964
2021-06-23,164.07777739039966
2021-06-24,164.28680461159965
2021-06-25,164.0927683855996
2021-06-28,164.3720271039996
2021-06-29,164.2171088375996
2021-06-30,164.74391743719963
2021-07-01,165.3526258911996
2021-07-02,165.7156013587996
2021-07-06,164.45093727479957
2021-07-07,164.22312671279963
2021-07-08,163.0837058855996
2021-07-09,165.4325971111996
2021-07-12,165.95294481199963
2021-07-13,165.24840516279963
2021-07-14,165.01613445919963
2021-07-15,164.43508505799963
2021-07-16,163.51135005239962
2021-07-19,160.46299819479967
2021-07-20,162.95102544879964
2021-07-21,164.7225986459996
2021-07-22,164.67780877999957
2021-07-23,165.27674967759955
2021-07-26,165.10258928079958
2021-07-27,163.83347373159958
2021-07-28,165.0624452643996
2021-07-29,165.9278126599996
2021-07-30,165.21361951799958
2021-08-02,165.10045770399958
2021-08-03,165.06291854999955
2021-08-04,164.69052939799957
2021-08-05,164.7607153279996
2021-08-06,163.45214610099958
2021-08-09,162.4281728519996
2021-08-10,162.19530570299958
2021-08-11,162.81370275299955
2021-08-12,162.79229460399955
2021-08-13,163.8737326149996
2021-08-16,164.11011289999962
2021-08-17,163.5878531389996
2021-08-18,162.6280061449996
2021-08-19,162.64924236599958
2021-08-20,162.4654039989996
2021-08-23,163.94325236499958
2021-08-24,163.87963705099958
2021-08-25,163.42548171099963
2021-08-26,163.11606997899963
2021-08-27,164.52238613099965
2021-08-30,165.45969453899966
2021-08-31,164.85859222799968
2021-09-01,165.66951839779966
2021-09-02,166.56258089799965
2021-09-03,166.37762896239965
2021-09-07,165.34911433629966
2021-09-08,164.98050137719963
2021-09-09,163.91243535169963
2021-09-10,163.08800295929962
2021-09-13,163.74684869639964
2021-09-14,163.10020829919966
2021-09-15,164.43793391679964
2021-09-16,164.31643606749967
2021-09-17,162.80581780569963
2021-09-20,159.80265506269967
2021-09-21,160.11104193089963
2021-09-22,162.07136387789967
2021-09-23,163.7706733133997
2021-09-24,163.0474165155997
2021-09-27,163.2365333737997
2021-09-28,160.44995707379968
2021-09-29,160.33699001179966
2021-09-30,159.27953816269968
2021-10-01,159.26512016269967
2021-10-04,159.2507021626997
2021-10-05,159.26512016269967
2021-10-06,159.26512016269967
2021-10-07,159.27953816269968
2021-10-08,159.27953816269968
2021-10-11,159.26512016269967
2021-10-12,159.27953816269968
2021-10-13,159.27953816269968
2021-10-14,159.27953816269968
2021-10-15,159.2507021626997
2021-10-18,159.2507021626997
2021-10-19,159.2507021626997
2021-10-20,159.26512016269967
2021-10-21,159.2507021626997
2021-10-22,159.26512016269967
2021-10-25,159.2507021626997
2021-10-26,159.26512016269967
2021-10-27,159.26512016269967
2021-10-28,159.26512016269967
2021-10-29,159.2362841626997
2021-11-01,159.32349061929966
2021-11-02,159.98016064229967
2021-11-03,159.4621791903997
2021-11-04,160.40412208879968
2021-11-05,161.79520803379967
2021-11-08,161.20736214609968
2021-11-09,161.85669387779967
2021-11-10,159.56104310069966
2021-11-11,159.01216368849967
2021-11-12,159.94066751199966
2021-11-15,159.35544694969965
2021-11-16,159.46130761509968
2021-11-17,159.63304670759965
2021-11-18,160.19083502509963
2021-11-19,160.36279702309963
2021-11-22,159.06939056309966
2021-11-23,158.74377079869967
2021-11-24,159.34030652149968
2021-11-26,157.97289949569966
2021-11-29,159.06557453939965
2021-11-30,158.37757507289965
2021-12-01,158.83669507289963
2021-12-02,158.42348707289966
2021-12-03,159.75493507289966
2021-12-06,157.98732307289964
2021-12-07,157.45933507289965
2021-12-08,155.89832707289963
2021-12-09,156.42631507289963
2021-12-10,157.00021507289964
2021-12-13,158.76782707289962
2021-12-14,157.91845507289966
2021-12-15,158.03323507289966
2021-12-16,157.96436707289968
2021-12-17,159.11216707289967
2021-12-20,158.37757507289965
2021-12-21,157.87254307289965
2021-12-22,158.14801507289968
2021-12-23,156.15084307289968
2021-12-27,157.50524707289966
2021-12-28,156.9543030728997
2021-12-29,155.3014710728997
2021-12-30,156.1049310728997
2021-12-31,155.4851190728997
2022-01-03,155.4569570728997
2022-01-04,155.4569570728997
2022-01-05,155.4287950728997
2022-01-06,155.44287607289974
2022-01-07,155.45695707289974
2022-01-10,155.45695707289974
2022-01-11,155.42879507289973
2022-01-12,155.44287607289976
2022-01-13,155.44287607289976
2022-01-14,155.41471407289976
2022-01-18,155.34430907289976
2022-01-19,155.40063307289978
2022-01-20,155.4147140728998
2022-01-21,155.4147140728998
2022-01-24,155.3865520728998
2022-01-25,155.3865520728998
2022-01-26,155.3865520728998
2022-01-27,155.35839007289982
2022-01-28,155.35839007289982
2022-01-31,155.35839007289982
2022-02-01,155.37247107289986
2022-02-02,155.37247107289986
2022-02-03,155.38655207289983
2022-02-04,155.33022807289984
2022-02-07,155.33022807289984
2022-02-08,155.33022807289984
2022-02-09,155.33022807289984
2022-02-10,155.23166107289984
2022-02-11,155.27390407289985
2022-02-14,155.23166107289987
2022-02-15,155.24574207289987
2022-02-16,155.25982307289988
2022-02-17,155.3020660728999
2022-02-18,155.3161470728999
2022-02-22,155.2879850728999
2022-02-23,155.3020660728999
2022-02-24,155.3020660728999
2022-02-25,155.3161470728999
2022-02-28,155.3020660728999
2022-03-01,155.3443090728999
2022-03-02,155.31614707289992
2022-03-03,155.3443090728999
2022-03-04,155.31614707289992
2022-03-07,155.33022807289993
2022-03-08,155.31614707289992
2022-03-09,155.31614707289992
2022-03-10,155.30206607289992
2022-03-11,155.28798507289991
2022-03-14,155.25982307289993
2022-03-15,155.25982307289993
2022-03-16,155.2739040728999
2022-03-17,155.31614707289992
2022-03-18,155.28798507289991
2022-03-21,155.24574207289993
2022-03-22,155.24574207289993
2022-03-23,155.24574207289993
2022-03-24,155.23166107289993
2022-03-25,155.21758007289995
2022-03-28,155.20349907289994
2022-03-29,155.21758007289995
2022-03-30,155.23166107289993
2022-03-31,155.24574207289993
2022-04-01,155.18941807289994
2022-04-04,155.17533707289994
2022-04-05,155.16125607289993
2022-04-06,155.14717507289996
2022-04-07,155.18941807289997
2022-04-08,155.17533707289996
2022-04-11,155.16125607289996
2022-04-12,155.20349907289997
2022-04-13,155.21758007289998
2022-04-14,155.18941807289997
2022-04-18,155.18941807289997
2022-04-19,155.17533707289996
2022-04-20,155.18941807289997
2022-04-21,155.14717507289998
2022-04-22,155.13309407289998
2022-04-25,155.1471750729
2022-04-26,155.1612560729
2022-04-27,155.17533707289996
2022-04-28,155.16125607289996
2022-04-29,155.17533707289994
2022-05-02,155.10493207289997
2022-05-03,155.07677007289996
2022-05-04,155.14717507289998
2022-05-05,155.11901307289997
2022-05-06,155.16125607289996
2022-05-09,155.18941807289997
2022-05-10,155.18941807289997
2022-05-11,155.16125607289996
2022-05-12,155.18941807289997
2022-05-13,155.20349907289997
2022-05-16,155.20349907289997
2022-05-17,155.18941807289997
2022-05-18,155.18941807289997
2022-05-19,155.20349907289997
2022-05-20,155.21758007289998
2022-05-23,155.21758007289998
2022-05-24,155.27390407289997
2022-05-25,155.27390407289997
2022-05-26,155.28798507289997
2022-05-27,155.27390407289997
2022-05-31,155.23166107289998
2022-06-01,155.13309407289998
2022-06-02,155.13309407289998
2022-06-03,155.16125607289996
2022-06-06,155.13309407289998
2022-06-07,155.13309407289998
2022-06-08,155.11901307289997
2022-06-09,155.1049320729
2022-06-10,155.03452707289998
2022-06-13,154.9077980729
2022-06-14,154.8373930729
2022-06-15,154.90779807290002
2022-06-16,154.90779807290002
2022-06-17,154.90779807290002
2022-06-21,154.92187907290003
2022-06-22,154.97820307290004
2022-06-23,154.99228407290005
2022-06-24,154.97820307290007
2022-06-27,154.89371707290007
2022-06-28,154.9641220729001
2022-06-29,154.99228407290008
2022-06-30,155.03452707290006
2022-07-01,154.92187907290005
2022-07-05,154.9359600729001
2022-07-06,154.9500410729001
2022-07-07,154.9500410729001
2022-07-08,154.92187907290008
2022-07-11,154.8937170729001
2022-07-12,154.8796360729001
2022-07-13,154.85147407290012
2022-07-14,154.89371707290013
2022-07-15,154.90779807290014
2022-07-18,154.89371707290013
2022-07-19,154.89371707290013
2022-07-20,154.90779807290014
2022-07-21,154.95004107290012
2022-07-22,154.97820307290013
2022-07-25,154.95004107290012
2022-07-26,154.97820307290013
2022-07-27,155.0063650729001
2022-07-28,155.0486080729001
2022-07-29,155.0626890729001
2022-08-01,155.3949900729001
2022-08-02,153.25155307290012
2022-08-03,155.2210380729001
2022-08-04,156.0586050729001
2022-08-05,153.84126307290012
2022-08-08,154.87278307290012
2022-08-09,153.66213907290012
2022-08-10,155.78652607290013
2022-08-11,154.63714807290012
2022-08-12,156.83126407290015
2022-08-15,157.50240307290014
2022-08-16,157.39877107290013
2022-08-17,155.52197407290015
2022-08-18,156.10290007290013
2022-08-19,153.37952107290013
2022-08-22,150.94139707290012
2022-08-23,150.5475450729001
2022-08-24,150.3502350729001
2022-08-25,152.5346160729001
2022-08-26,149.43801607290013
2022-08-29,147.8051670729001
2022-08-30,147.0380250729001
2022-08-31,145.5736230729001
2022-09-01,145.36213507290012
2022-09-02,145.36213507290012
2022-09-06,145.3753530729001
2022-09-07,145.3621350729001
2022-09-08,145.37535307290008
2022-09-09,145.37535307290008
2022-09-12,145.37535307290008
2022-09-13,145.29604507290006
2022-09-14,145.29604507290006
2022-09-15,145.30926307290002
2022-09-16,145.32248107290005
2022-09-19,145.30926307290002
2022-09-20,145.33569907290004
2022-09-21,145.33569907290004
2022-09-22,145.3621350729
2022-09-23,145.3753530729
2022-09-26,145.3753530729
2022-09-27,145.36213507289997
2022-09-28,145.41500707289998
2022-09-29,145.45466107289994
2022-09-30,145.40178907289996
2022-10-03,145.17708307289996
2022-10-04,145.21673707289997
2022-10-05,145.2299550729
2022-10-06,145.24317307289996
2022-10-07,145.2563910729
2022-10-10,145.26960907289998
2022-10-11,145.26960907289998
2022-10-12,145.28282707289998
2022-10-13,145.28282707289998
2022-10-14,145.28282707289998
2022-10-17,145.2696090729
2022-10-18,145.2960450729
2022-10-19,145.28282707289998
2022-10-20,145.30926307289997
2022-10-21,145.33569907289998
2022-10-24,145.33569907289998
2022-10-25,145.36213507289995
2022-10-26,145.37535307289994
2022-10-27,145.40178907289993
2022-10-28,145.3885710728999
2022-10-31,145.36213507289992
2022-11-01,145.08455707289994
2022-11-02,145.08455707289994
2022-11-03,145.15064707289991
2022-11-04,145.16386507289988
2022-11-07,145.17708307289988
2022-11-08,145.1903010728999
2022-11-09,145.24317307289988
2022-11-10,145.30926307289985
2022-11-11,145.2960450728999
2022-11-14,145.28282707289986
2022-11-15,145.32248107289988
2022-11-16,145.3356990728999
2022-11-17,145.3489170728999
2022-11-18,145.36213507289992
2022-11-21,145.36213507289992
2022-11-22,145.40178907289993
2022-11-23,145.4546610728999
2022-11-25,145.4678790728999
2022-11-28,145.48109707289993
2022-11-29,145.52075107289994
2022-11-30,145.53396907289988
2022-12-01,146.61823758269986
2022-12-02,146.68389397449988
2022-12-05,144.48471370909985
2022-12-06,144.1860566042999
2022-12-07,144.57390719919988
2022-12-08,145.16269261209985
2022-12-09,144.71044243489987
2022-12-12,144.89333357569987
2022-12-13,146.45909226059987
2022-12-14,146.36018478299985
2022-12-15,143.55031957559987
2022-12-16,142.93989636369986
2022-12-19,141.78339225769986
2022-12-20,142.39876017289984
2022-12-21,143.24654311159986
2022-12-22,142.05625467469986
2022-12-23,142.19605129939987
2022-12-27,142.3811554725999
2022-12-28,141.1514210337999
2022-12-29,143.01960039749991
2022-12-30,142.2984549846999
2023-01-03,142.3243449846999
2023-01-04,142.3372899846999
2023-01-05,142.3631799846999
2023-01-06,142.38906998469994
2023-01-09,142.40201498469995
2023-01-10,142.38906998469994
2023-01-11,142.42790498469992
2023-01-12,142.50557498469993
2023-01-13,142.50557498469993
2023-01-17,142.54440998469994
2023-01-18,142.55735498469997
2023-01-19,142.59618998469995
2023-01-20,142.62207998469995
2023-01-23,142.62207998469995
2023-01-24,142.63502498469995
2023-01-25,142.68680498469993
2023-01-26,142.72563998469997
2023-01-27,142.73858498469997
2023-01-30,142.75152998469994
2023-01-31,142.76447498469997
2023-02-01,144.29398996709995
2023-02-02,144.67024268829996
2023-02-03,142.42475638429997
2023-02-06,141.23988938149998
2023-02-07,141.94458594749997
2023-02-08,141.17543154069995
2023-02-09,140.57348908229997
2023-02-10,140.4456856519
2023-02-13,141.3004291755
2023-02-14,141.09033189910002
2023-02-15,140.8137168247
2023-02-16,140.12414937990002
2023-02-17,140.07245307830004
2023-02-21,138.01916618310003
2023-02-22,137.35268058310004
2023-02-23,138.06795991310005
2023-02-24,136.14943801510003
2023-02-27,136.99081577070004
2023-02-28,136.6499949303
2023-03-01,136.3153029303
2023-03-02,136.3772829303
2023-03-03,136.3896789303
2023-03-06,136.40207493030002
2023-03-07,136.3772829303
2023-03-08,136.3896789303
2023-03-09,136.4640549303
2023-03-10,136.5260349303
2023-03-13,136.6871829303
2023-03-14,136.6128069303
2023-03-15,136.7491629303
2023-03-16,136.7367669303
2023-03-17,136.8359349303
2023-03-20,136.8111429303
2023-03-21,136.7739549303
2023-03-22,136.8235389303
2023-03-23,136.9103109303
2023-03-24,136.9227069303
2023-03-27,136.9227069303
2023-03-28,136.9351029303
2023-03-29,136.9474989303
2023-03-30,136.97229093029998
2023-03-31,136.9846869303
2023-04-03,137.5134069081
2023-04-04,137.9189079125
2023-04-05,137.41603152829998
2023-04-06,137.57364039649997
2023-04-10,136.92086800769997
2023-04-11,137.15023330609995
2023-04-12,137.24117841529994
2023-04-13,138.77358508209997
2023-04-14,137.81880597589995
2023-04-17,137.46220936429995
2023-04-18,137.97183762229997
2023-04-19,137.63533498409998
2023-04-20,137.63113738430002
2023-04-21,137.5568557759
2023-04-24,137.91045700950002
2023-04-25,137.0901536517
2023-04-26,136.69130860510003
2023-04-27,138.1029767683
2023-04-28,138.61455820490002
2023-05-01,136.97817520490003
2023-05-02,138.03232020490003
2023-05-03,138.75307820490002
2023-05-04,138.3822152049
2023-05-05,138.6813792049
2023-05-08,137.98786320489998
2023-05-09,137.39274220489997
2023-05-10,138.57812620489995
2023-05-11,139.06892920489994
2023-05-12,138.02216020489993
2023-05-15,138.14911520489994
2023-05-16,137.28444520489995
2023-05-17,137.52778420489994
2023-05-18,137.38591620489996
2023-05-19,136.81512320489995
2023-05-22,136.61362220489994
2023-05-23,135.91895620489993
