"Date","Price","Open","High","Low","Vol.","Change %"
"05/30/2023","349.98","352.71","353.93","348.53","71.48M","0.45%"
"05/26/2023","348.40","340.76","349.24","340.66","63.01M","2.56%"
"05/25/2023","339.72","339.14","341.01","336.67","66.41M","2.43%"
"05/24/2023","331.65","331.37","332.90","329.56","59.58M","-0.51%"
"05/23/2023","333.36","335.89","337.06","333.00","47.55M","-1.27%"
"05/22/2023","337.64","336.25","338.67","336.24","42.29M","0.34%"
"05/19/2023","336.51","337.49","338.20","335.43","61.55M","-0.23%"
"05/18/2023","337.27","331.52","337.49","331.50","63.14M","1.86%"
"05/17/2023","331.12","328.24","331.71","327.04","47.11M","1.21%"
"05/16/2023","327.16","326.06","328.90","326.02","39.60M","0.11%"
"05/15/2023","326.79","325.51","327.03","323.96","33.15M","0.54%"
"05/12/2023","325.03","326.74","327.17","322.94","48.43M","-0.36%"
"05/11/2023","326.20","325.70","326.75","324.12","43.74M","0.33%"
"05/10/2023","325.14","324.12","326.01","321.60","60.07M","1.09%"
"05/09/2023","321.64","322.00","322.88","321.32","31.39M","-0.63%"
"05/08/2023","323.69","322.42","324.04","321.32","36.47M","0.25%"
"05/05/2023","322.89","318.47","323.76","316.21","51.81M","2.13%"
"05/04/2023","316.17","317.06","318.23","315.11","48.69M","-0.35%"
"05/03/2023","317.29","319.75","322.47","317.18","58.00M","-0.65%"
"05/02/2023","319.38","322.12","322.45","317.61","55.70M","-0.87%"
"05/01/2023","322.19","322.09","323.63","321.09","40.30M","-0.11%"
"04/28/2023","322.56","320.11","322.65","318.96","59.71M","0.69%"
"04/27/2023","320.35","315.70","320.86","315.05","62.64M","2.72%"
"04/26/2023","311.87","313.44","314.93","311.34","53.43M","0.61%"
"04/25/2023","309.99","314.29","314.97","309.89","54.77M","-1.89%"
"04/24/2023","315.95","316.38","317.74","313.74","44.04M","-0.21%"
"04/21/2023","316.61","315.88","317.39","314.12","59.00M","0.10%"
"04/20/2023","316.28","315.69","319.27","314.97","62.08M","-0.76%"
"04/19/2023","318.71","316.41","319.79","316.28","38.96M","-0.05%"
"04/18/2023","318.86","320.99","321.42","317.64","46.10M","0.01%"
"04/17/2023","318.84","318.15","319.20","316.04","42.55M","0.08%"
"04/14/2023","318.57","317.69","320.33","315.66","56.28M","-0.19%"
"04/13/2023","319.17","314.83","319.65","314.64","53.55M","1.96%"
"04/12/2023","313.04","317.82","318.42","312.57","62.44M","-0.88%"
"04/11/2023","315.83","317.83","317.89","315.31","39.73M","-0.64%"
"04/10/2023","317.87","315.07","317.92","313.25","42.29M","-0.06%"
"04/06/2023","318.05","314.10","318.52","312.92","46.92M","0.67%"
"04/05/2023","315.92","318.10","319.06","314.07","62.24M","-0.99%"
"04/04/2023","319.07","320.60","321.63","317.83","45.40M","-0.34%"
"04/03/2023","320.15","318.77","320.42","317.42","46.57M","-0.24%"
"03/31/2023","320.93","315.91","321.17","315.60","62.14M","1.66%"
"03/30/2023","315.68","315.24","316.32","312.81","57.04M","0.95%"
"03/29/2023","312.72","310.88","313.35","310.05","52.91M","1.82%"
"03/28/2023","307.12","308.17","308.20","304.77","47.93M","-0.53%"
"03/27/2023","308.76","311.60","312.70","307.89","49.54M","-0.69%"
"03/24/2023","310.89","309.32","310.99","306.95","57.25M","0.37%"
"03/23/2023","309.75","309.92","314.15","307.01","73.52M","1.19%"
"03/22/2023","306.12","310.27","315.25","305.95","74.96M","-1.36%"
"03/21/2023","310.34","307.94","310.80","306.39","48.78M","1.43%"
"03/20/2023","305.97","304.26","306.30","302.01","55.88M","0.20%"
"03/17/2023","305.36","306.72","309.15","303.37","89.92M","-0.47%"
"03/16/2023","306.81","298.00","307.18","297.19","98.56M","2.64%"
"03/15/2023","298.93","294.71","299.27","293.24","82.93M","0.52%"
"03/14/2023","297.37","294.31","297.93","293.45","73.13M","2.30%"
"03/13/2023","290.69","286.73","294.47","285.19","96.27M","0.74%"
"03/10/2023","288.55","292.83","294.35","287.38","98.59M","-1.40%"
"03/09/2023","292.66","298.33","300.98","291.83","70.02M","-1.73%"
"03/08/2023","297.82","296.77","298.43","294.88","50.88M","0.50%"
"03/07/2023","296.34","300.07","301.01","295.72","65.96M","-1.23%"
"03/06/2023","300.02","300.94","304.00","299.82","56.74M","0.11%"
"03/03/2023","299.68","295.42","299.90","294.89","60.51M","2.07%"
"03/02/2023","293.61","288.66","294.43","288.37","52.90M","0.83%"
"03/01/2023","291.20","293.26","293.93","290.20","57.62M","-0.80%"
"02/28/2023","293.56","293.30","296.12","292.96","48.24M","-0.13%"
"02/27/2023","293.94","295.07","296.49","293.34","49.00M","0.72%"
"02/24/2023","291.85","291.48","292.85","290.08","74.33M","-1.67%"
"02/23/2023","296.82","297.97","298.13","292.55","68.51M","0.87%"
"02/22/2023","294.25","294.62","296.36","292.56","50.28M","0.07%"
"02/21/2023","294.03","297.26","298.73","293.89","46.21M","-2.37%"
"02/17/2023","301.16","301.07","301.93","298.10","58.23M","-0.71%"
"02/16/2023","303.30","304.38","308.43","303.15","58.54M","-1.88%"
"02/15/2023","309.10","304.90","309.27","304.20","42.71M","0.77%"
"02/14/2023","306.75","302.89","307.72","300.91","63.30M","0.74%"
"02/13/2023","304.50","301.13","305.10","299.93","39.32M","1.60%"
"02/10/2023","299.70","299.48","301.57","297.25","50.05M","-0.66%"
"02/09/2023","301.68","308.84","308.99","300.20","48.43M","-0.88%"
"02/08/2023","304.37","308.54","309.50","303.67","56.24M","-1.78%"
"02/07/2023","309.88","303.46","311.03","302.32","66.96M","2.07%"
"02/06/2023","303.59","303.51","305.91","302.22","40.80M","-0.85%"
"02/03/2023","306.18","304.94","312.39","304.54","76.17M","-1.78%"
"02/02/2023","311.72","307.57","313.68","306.73","80.45M","3.59%"
"02/01/2023","300.92","294.41","303.43","292.30","66.07M","2.14%"
"01/31/2023","294.62","290.31","294.72","290.20","46.10M","1.50%"
"01/30/2023","290.27","292.93","294.38","289.89","49.41M","-2.02%"
"01/27/2023","296.26","292.00","298.26","291.88","56.44M","1.00%"
"01/26/2023","293.34","291.22","293.52","288.52","51.03M","1.95%"
"01/25/2023","287.73","283.77","288.36","281.18","50.87M","-0.22%"
"01/24/2023","288.37","287.31","289.55","286.78","41.72M","-0.20%"
"01/23/2023","288.96","283.54","290.21","282.73","52.42M","2.22%"
"01/20/2023","282.68","276.79","283.02","275.71","60.61M","2.74%"
"01/19/2023","275.15","276.22","277.38","273.89","43.47M","-0.98%"
"01/18/2023","277.88","283.11","284.69","277.67","46.98M","-1.30%"
"01/17/2023","281.54","280.77","282.85","279.58","35.88M","0.20%"
"01/13/2023","280.97","276.50","281.22","276.16","44.80M","0.69%"
"01/12/2023","279.05","278.12","280.10","273.74","60.15M","0.54%"
"01/11/2023","277.55","273.92","277.66","273.12","43.46M","1.73%"
"01/10/2023","272.83","269.49","272.94","268.97","34.83M","0.85%"
"01/09/2023","270.54","270.83","275.29","269.92","45.16M","0.65%"
"01/06/2023","268.80","263.35","269.94","260.34","54.66M","2.76%"
"01/05/2023","261.58","264.04","264.21","261.26","45.40M","-1.57%"
"01/04/2023","265.74","266.64","267.45","262.53","47.07M","0.48%"
"01/03/2023","264.48","268.65","270.15","262.13","41.91M","-0.68%"
"12/30/2022","266.28","263.62","266.41","262.29","37.86M","-0.06%"
"12/29/2022","266.44","262.96","267.40","262.25","45.56M","2.44%"
"12/28/2022","260.10","263.17","265.47","259.73","45.51M","-1.32%"
"12/27/2022","263.58","266.74","266.85","263.03","37.76M","-1.41%"
"12/23/2022","267.36","265.47","268.04","263.53","39.37M","0.22%"
"12/22/2022","266.76","270.38","270.51","262.45","59.13M","-2.45%"
"12/21/2022","273.45","270.60","274.78","269.74","44.60M","1.45%"
"12/20/2022","269.54","268.56","271.32","266.95","49.70M","-0.08%"
"12/19/2022","269.75","273.87","273.96","268.49","43.35M","-1.64%"
"12/16/2022","274.25","276.20","277.77","272.61","68.30M","-0.95%"
"12/15/2022","276.89","282.33","283.01","275.67","59.48M","-3.36%"
"12/14/2022","286.51","288.05","291.41","283.19","63.74M","-0.74%"
"12/13/2022","288.65","296.65","296.88","285.91","79.70M","1.08%"
"12/12/2022","285.58","282.22","285.64","281.16","35.21M","1.26%"
"12/09/2022","282.04","282.81","285.64","281.59","47.86M","-0.64%"
"12/08/2022","283.85","281.91","284.84","279.79","42.27M","1.18%"
"12/07/2022","280.53","280.47","282.57","278.78","44.42M","-0.41%"
"12/06/2022","281.68","287.48","287.62","280.26","53.94M","-2.07%"
"12/05/2022","287.64","290.38","291.68","286.15","40.12M","-1.68%"
"12/02/2022","292.55","288.54","293.45","288.36","53.58M","-0.40%"
"12/01/2022","293.72","293.69","295.75","290.88","51.55M","0.12%"
"11/30/2022","293.36","280.84","293.47","279.97","74.72M","4.56%"
"11/29/2022","280.57","282.94","283.35","279.17","35.62M","-0.76%"
"11/28/2022","282.71","284.90","286.96","281.76","38.88M","-1.47%"
"11/25/2022","286.92","287.19","287.91","286.42","15.50M","-0.66%"
"11/23/2022","288.82","285.97","289.46","285.79","46.39M","1.00%"
"11/22/2022","285.95","282.64","286.11","280.46","41.87M","1.44%"
"11/21/2022","281.89","283.40","284.58","281.04","40.08M","-1.03%"
"11/18/2022","284.82","287.89","287.99","282.32","53.59M","0.00%"
"11/17/2022","284.81","280.88","286.32","280.72","55.46M","-0.22%"
"11/16/2022","285.44","287.39","289.48","284.60","48.86M","-1.36%"
"11/15/2022","289.39","292.21","293.26","285.97","73.99M","1.38%"
"11/14/2022","285.44","285.86","289.21","284.44","55.08M","-0.88%"
"11/11/2022","287.96","282.56","288.64","281.19","66.96M","1.84%"
"11/10/2022","282.75","276.01","283.05","273.85","99.26M","7.38%"
"11/09/2022","263.32","267.76","268.56","263.03","64.86M","-2.31%"
"11/08/2022","269.54","269.14","272.85","265.52","63.21M","0.73%"
"11/07/2022","267.59","265.75","268.14","263.57","47.33M","1.10%"
"11/04/2022","264.68","265.53","266.61","259.08","78.31M","1.61%"
"11/03/2022","260.49","263.01","264.50","260.10","70.04M","-1.95%"
"11/02/2022","265.68","275.08","278.21","265.61","79.80M","-3.43%"
"11/01/2022","275.11","281.49","282.07","274.74","45.90M","-1.02%"
"10/31/2022","277.95","278.92","279.76","275.99","47.74M","-1.16%"
"10/28/2022","281.22","272.23","281.70","272.06","62.65M","3.06%"
"10/27/2022","272.87","276.79","278.28","272.34","57.76M","-1.82%"
"10/26/2022","277.93","278.46","283.98","277.43","63.90M","-2.21%"
"10/25/2022","284.21","279.41","284.60","277.90","59.01M","2.07%"
"10/24/2022","278.45","275.69","279.40","271.97","63.96M","1.10%"
"10/21/2022","275.42","267.98","275.97","266.82","77.90M","2.34%"
"10/20/2022","269.11","269.58","274.84","267.92","60.61M","-0.51%"
"10/19/2022","270.49","269.93","273.68","268.07","53.12M","-0.36%"
"10/18/2022","271.48","276.53","277.21","268.74","69.78M","0.79%"
"10/17/2022","269.35","266.84","270.24","266.74","64.58M","3.30%"
"10/14/2022","260.74","271.20","271.81","260.14","77.24M","-3.01%"
"10/13/2022","268.82","255.16","270.17","254.26","112.89M","2.35%"
"10/12/2022","262.66","263.40","265.36","261.95","50.58M","-0.03%"
"10/11/2022","262.75","264.70","267.63","261.03","66.52M","-1.37%"
"10/10/2022","266.41","269.30","269.70","263.64","60.39M","-1.00%"
"10/07/2022","269.10","275.02","275.15","267.74","71.35M","-3.81%"
"10/06/2022","279.76","280.96","284.18","279.43","53.49M","-0.79%"
"10/05/2022","281.98","278.28","283.81","275.42","55.77M","-0.05%"
"10/04/2022","282.13","278.99","282.85","278.99","66.70M","3.14%"
"10/03/2022","273.53","269.07","275.16","267.53","61.27M","2.35%"
"09/30/2022","267.26","271.03","275.19","267.10","78.48M","-1.70%"
"09/29/2022","271.87","275.86","276.25","268.84","81.22M","-2.88%"
"09/28/2022","279.94","274.46","281.25","272.95","79.65M","1.99%"
"09/27/2022","274.48","277.81","280.21","272.11","69.78M","0.04%"
"09/26/2022","274.37","275.03","279.49","273.56","71.18M","-0.41%"
"09/23/2022","275.51","277.55","277.85","272.02","74.82M","-1.63%"
"09/22/2022","280.07","282.00","283.03","278.82","62.76M","-1.23%"
"09/21/2022","283.56","289.59","293.95","283.42","82.93M","-1.79%"
"09/20/2022","288.73","288.49","291.07","286.38","51.27M","-0.80%"
"09/19/2022","291.05","286.10","291.21","286.04","52.61M","0.60%"
"09/16/2022","289.32","287.72","289.72","285.62","79.92M","-0.61%"
"09/15/2022","291.10","294.07","296.53","289.46","65.30M","-1.67%"
"09/14/2022","296.03","294.86","296.93","293.06","54.91M","0.79%"
"09/13/2022","293.70","301.80","303.02","292.79","79.56M","-5.48%"
"09/12/2022","310.74","308.50","311.08","308.18","45.91M","1.19%"
"09/09/2022","307.09","302.83","307.60","300.52","56.13M","2.19%"
"09/08/2022","300.52","296.85","301.87","295.45","55.65M","0.52%"
"09/07/2022","298.97","293.54","299.99","293.27","49.26M","2.02%"
"09/06/2022","293.05","295.66","296.60","290.87","57.01M","-0.72%"
"09/02/2022","295.17","302.34","303.75","293.52","64.67M","-1.41%"
"09/01/2022","299.40","296.72","299.78","292.95","57.99M","0.04%"
"08/31/2022","299.27","303.99","304.91","299.16","50.04M","-0.58%"
"08/30/2022","301.02","306.10","306.73","298.44","51.18M","-1.11%"
"08/29/2022","304.41","304.62","307.22","303.28","48.32M","-0.99%"
"08/26/2022","307.44","320.28","321.51","307.35","69.05M","-4.10%"
"08/25/2022","320.58","316.83","320.60","315.76","38.10M","1.77%"
"08/24/2022","315.01","313.61","316.87","312.99","38.06M","0.29%"
"08/23/2022","314.10","314.12","317.00","313.33","39.50M","-0.08%"
"08/22/2022","314.36","318.50","318.74","313.53","51.10M","-2.63%"
"08/19/2022","322.86","326.17","326.84","322.08","51.77M","-1.95%"
"08/18/2022","329.28","328.44","330.49","326.79","41.94M","0.24%"
"08/17/2022","328.49","329.07","331.43","326.36","47.84M","-1.14%"
"08/16/2022","332.28","332.05","334.42","329.16","41.19M","-0.23%"
"08/15/2022","333.06","329.42","333.57","329.40","38.27M","0.81%"
"08/12/2022","330.39","326.17","330.58","325.10","40.93M","1.95%"
"08/11/2022","324.08","328.30","330.36","323.36","45.90M","-0.57%"
"08/10/2022","325.93","324.59","326.23","322.06","51.46M","2.79%"
"08/09/2022","317.08","318.77","319.03","315.42","39.76M","-1.13%"
"08/08/2022","320.71","322.69","326.47","319.21","44.07M","-0.32%"
"08/05/2022","321.75","319.19","323.83","318.39","53.89M","-0.82%"
"08/04/2022","324.40","322.97","324.72","320.77","38.97M","0.47%"
"08/03/2022","322.89","316.05","323.73","315.99","53.74M","2.72%"
"08/02/2022","314.33","312.92","318.55","311.84","48.68M","-0.30%"
"08/01/2022","315.27","313.65","318.81","312.53","46.36M","-0.06%"
"07/29/2022","315.46","311.39","316.39","309.93","57.50M","1.82%"
"07/28/2022","309.81","306.59","310.40","302.74","55.14M","0.98%"
"07/27/2022","306.81","299.04","308.54","298.46","69.30M","4.23%"
"07/26/2022","294.37","298.53","298.79","293.54","50.07M","-1.96%"
"07/25/2022","300.27","302.02","302.50","298.22","40.58M","-0.57%"
"07/22/2022","301.99","306.43","308.55","300.11","57.13M","-1.75%"
"07/21/2022","307.38","303.50","307.43","300.78","55.05M","1.44%"
"07/20/2022","303.03","298.73","304.24","297.93","67.77M","1.59%"
"07/19/2022","298.30","293.11","298.60","291.47","55.17M","3.08%"
"07/18/2022","289.40","294.72","296.16","288.20","59.52M","-0.85%"
"07/15/2022","291.87","289.73","291.98","288.08","63.82M","1.81%"
"07/14/2022","286.67","282.99","287.56","279.80","63.74M","0.36%"
"07/13/2022","285.65","280.60","288.05","280.02","73.94M","-0.21%"
"07/12/2022","286.24","290.32","292.28","284.61","55.80M","-0.97%"
"07/11/2022","289.04","292.88","293.11","288.14","55.27M","-2.14%"
"07/08/2022","295.35","292.08","296.75","291.12","59.90M","0.13%"
"07/07/2022","294.98","289.63","295.70","289.63","56.62M","2.14%"
"07/06/2022","288.80","287.35","290.95","285.59","63.19M","0.64%"
"07/05/2022","286.96","278.31","287.08","276.75","61.83M","1.71%"
"07/01/2022","282.13","278.95","282.53","277.03","56.68M","0.66%"
"06/30/2022","280.28","280.75","283.94","275.78","79.31M","-1.24%"
"06/29/2022","283.80","283.40","285.34","280.84","57.30M","0.09%"
"06/28/2022","283.54","293.00","295.65","283.35","61.87M","-3.05%"
"06/27/2022","292.45","296.00","296.58","291.29","54.15M","-0.73%"
"06/24/2022","294.61","287.74","295.04","287.50","58.42M","3.43%"
"06/23/2022","284.85","283.21","285.72","280.31","57.46M","1.49%"
"06/22/2022","280.67","278.52","285.18","277.91","67.47M","-0.15%"
"06/21/2022","281.08","278.75","283.45","278.64","51.63M","2.33%"
"06/17/2022","274.69","272.18","277.19","270.51","82.70M","1.22%"
"06/16/2022","271.39","275.59","276.06","269.28","81.91M","-4.03%"
"06/15/2022","282.80","279.42","286.83","276.61","86.05M","2.50%"
"06/14/2022","275.91","277.66","278.66","273.34","64.70M","0.18%"
"06/13/2022","275.41","279.75","282.34","274.53","94.44M","-4.65%"
"06/10/2022","288.84","293.65","294.87","288.38","85.96M","-3.53%"
"06/09/2022","299.40","305.91","309.05","299.23","55.90M","-2.68%"
"06/08/2022","307.64","309.05","311.72","306.77","38.34M","-0.72%"
"06/07/2022","309.87","303.81","310.67","302.69","44.90M","0.86%"
"06/06/2022","307.22","310.75","312.35","305.62","51.79M","0.33%"
"06/03/2022","306.20","309.03","310.47","304.92","60.91M","-2.60%"
"06/02/2022","314.38","304.85","314.56","303.40","59.29M","2.74%"
"06/01/2022","306.00","310.47","312.65","303.73","65.34M","-0.74%"
"05/31/2022","308.28","309.07","311.33","304.33","60.97M","-0.27%"
"05/27/2022","309.10","302.54","309.25","302.42","66.99M","3.26%"
"05/26/2022","299.33","290.44","300.92","290.15","59.46M","2.77%"
"05/25/2022","291.26","285.71","293.39","285.50","67.14M","1.40%"
"05/24/2022","287.24","288.13","288.86","282.25","73.49M","-2.13%"
"05/23/2022","293.48","289.75","293.87","287.29","63.65M","1.66%"
"05/20/2022","288.68","293.13","293.80","280.21","91.76M","-0.31%"
"05/19/2022","289.58","289.29","294.39","287.58","79.92M","-0.54%"
"05/18/2022","291.14","301.54","302.25","289.85","79.48M","-4.91%"
"05/17/2022","306.17","304.45","306.56","300.55","62.72M","2.59%"
"05/16/2022","298.44","300.15","302.26","297.13","59.19M","-1.16%"
"05/13/2022","301.94","295.72","303.00","294.08","83.68M","3.71%"
"05/12/2022","291.15","287.45","295.75","284.94","120.91M","-0.24%"
"05/11/2022","291.84","298.44","304.09","290.95","140.33M","-2.97%"
"05/10/2022","300.76","304.51","305.76","296.57","124.12M","1.21%"
"05/09/2022","297.15","303.48","309.35","295.72","113.39M","-3.91%"
"05/06/2022","309.25","310.95","315.09","305.11","139.57M","-1.20%"
"05/05/2022","313.00","325.17","325.25","309.62","154.61M","-5.04%"
"05/04/2022","329.60","319.31","330.29","313.89","116.08M","3.38%"
"05/03/2022","318.82","318.50","321.17","315.98","78.19M","0.11%"
"05/02/2022","318.48","312.83","318.72","309.64","115.51M","1.67%"
"04/29/2022","313.25","323.70","327.23","312.60","91.98M","-4.50%"
"04/28/2022","328.01","321.85","329.89","317.52","99.45M","3.55%"
"04/27/2022","316.76","317.24","322.88","315.00","111.20M","-0.12%"
"04/26/2022","317.14","327.47","327.66","316.86","105.82M","-3.77%"
"04/25/2022","329.58","323.73","329.90","322.43","101.76M","1.28%"
"04/22/2022","325.40","334.31","335.56","324.96","82.56M","-2.62%"
"04/21/2022","334.15","345.19","347.87","333.20","75.80M","-2.07%"
"04/20/2022","341.21","347.09","347.56","339.96","65.50M","-1.46%"
"04/19/2022","346.26","338.03","346.85","336.98","56.52M","2.24%"
"04/18/2022","338.69","337.35","341.04","335.79","58.56M","0.08%"
"04/14/2022","338.43","346.44","346.97","338.21","73.52M","-2.29%"
"04/13/2022","346.35","339.80","347.43","339.06","61.37M","2.03%"
"04/12/2022","339.45","345.76","347.69","338.04","72.79M","-0.42%"
"04/11/2022","340.89","344.81","345.75","340.54","66.11M","-2.37%"
"04/08/2022","349.15","352.32","353.09","348.50","61.96M","-1.40%"
"04/07/2022","354.10","352.24","356.35","348.69","63.78M","0.24%"
"04/06/2022","353.26","355.65","356.78","350.56","90.08M","-2.17%"
"04/05/2022","361.10","367.81","368.54","359.93","62.74M","-2.22%"
"04/04/2022","369.30","362.71","369.31","362.44","45.95M","2.06%"
"04/01/2022","361.85","362.81","363.61","358.59","54.53M","-0.19%"
"03/31/2022","362.54","367.24","367.60","361.68","67.01M","-1.24%"
"03/30/2022","367.09","369.27","370.98","365.57","68.76M","-1.10%"
"03/29/2022","371.19","368.90","371.83","366.06","68.07M","1.72%"
"03/28/2022","364.91","359.34","365.01","358.07","56.83M","1.55%"
"03/25/2022","359.35","359.59","360.67","354.94","57.58M","-0.08%"
"03/24/2022","359.65","353.80","359.70","351.59","53.56M","2.22%"
"03/23/2022","351.83","354.01","357.66","351.77","70.62M","-1.44%"
"03/22/2022","356.96","350.59","357.85","350.20","63.35M","1.97%"
"03/21/2022","350.08","350.20","352.48","345.58","73.80M","-0.40%"
"03/18/2022","351.49","342.74","351.79","341.55","85.45M","2.05%"
"03/17/2022","344.44","338.37","344.50","337.04","67.81M","1.21%"
"03/16/2022","340.32","332.17","340.44","328.40","105.24M","3.71%"
"03/15/2022","328.15","320.88","328.95","319.23","76.47M","3.14%"
"03/14/2022","318.17","323.13","326.59","317.45","79.80M","-1.92%"
"03/11/2022","324.40","334.32","334.64","323.90","66.23M","-2.07%"
"03/10/2022","331.27","330.82","332.51","326.71","69.36M","-1.11%"
"03/09/2022","334.99","331.75","336.38","329.09","64.72M","3.60%"
"03/08/2022","323.35","324.05","333.21","319.94","116.15M","-0.46%"
"03/07/2022","324.86","337.29","338.48","324.65","89.93M","-3.69%"
"03/04/2022","337.30","339.84","341.31","334.92","77.01M","-1.45%"
"03/03/2022","342.26","349.93","350.04","340.35","71.09M","-1.43%"
"03/02/2022","347.22","343.08","348.59","340.24","70.61M","1.68%"
"03/01/2022","341.49","345.75","348.08","338.90","67.41M","-1.53%"
"02/28/2022","346.80","342.51","348.54","341.32","77.52M","0.30%"
"02/25/2022","345.77","341.31","345.98","337.39","78.84M","1.55%"
"02/24/2022","340.49","318.84","341.04","318.26","130.61M","3.36%"
"02/23/2022","329.42","341.32","342.18","329.10","86.22M","-2.56%"
"02/22/2022","338.08","338.49","344.04","334.35","85.97M","-1.00%"
"02/18/2022","341.51","346.41","346.81","339.14","80.00M","-1.14%"
"02/17/2022","345.45","352.74","353.46","345.02","61.80M","-2.97%"
"02/16/2022","356.04","353.82","357.09","350.71","58.95M","-0.03%"
"02/15/2022","356.13","352.91","356.37","351.82","55.39M","2.49%"
"02/14/2022","347.49","346.49","350.98","343.89","80.25M","0.12%"
"02/11/2022","347.06","358.43","360.07","345.80","101.57M","-3.17%"
"02/10/2022","358.43","359.52","366.49","356.54","112.47M","-2.26%"
"02/09/2022","366.73","363.76","366.81","362.12","55.77M","2.12%"
"02/08/2022","359.12","353.96","360.24","352.80","64.72M","1.12%"
"02/07/2022","355.13","358.62","361.05","353.84","58.20M","-0.80%"
"02/04/2022","358.01","354.08","361.40","351.97","86.32M","1.26%"
"02/03/2022","353.55","358.53","361.93","352.46","95.38M","-4.05%"
"02/02/2022","368.49","369.76","370.10","364.29","78.78M","0.81%"
"02/01/2022","365.52","364.43","366.19","359.14","74.43M","0.68%"
"01/31/2022","363.05","353.20","363.65","351.52","94.33M","3.20%"
"01/28/2022","351.80","343.03","352.02","337.95","108.17M","3.14%"
"01/27/2022","341.10","349.40","351.27","340.05","95.26M","-1.01%"
"01/26/2022","344.57","352.91","356.88","340.78","146.56M","-0.16%"
"01/25/2022","345.11","346.67","351.03","341.68","124.40M","-2.32%"
"01/24/2022","353.30","345.90","353.98","334.15","199.45M","0.46%"
"01/21/2022","351.69","359.47","362.18","351.40","143.39M","-2.77%"
"01/20/2022","361.72","369.79","373.87","361.17","88.61M","-1.30%"
"01/19/2022","366.48","372.15","374.69","366.21","81.79M","-1.10%"
"01/18/2022","370.55","374.04","376.22","369.77","75.81M","-2.49%"
"01/14/2022","380.01","375.07","380.35","374.86","80.12M","0.62%"
"01/13/2022","377.66","388.77","389.47","376.70","77.99M","-2.50%"
"01/12/2022","387.35","388.46","390.20","385.01","54.58M","0.40%"
"01/11/2022","385.82","379.36","385.99","377.22","68.30M","1.50%"
"01/10/2022","380.11","374.82","380.64","369.31","91.77M","0.07%"
"01/07/2022","379.86","384.03","385.76","378.04","72.65M","-1.08%"
"01/06/2022","384.02","382.42","387.35","380.13","70.81M","-0.07%"
"01/05/2022","384.29","394.74","395.89","384.03","75.74M","-3.07%"
"01/04/2022","396.47","402.24","402.28","393.29","58.03M","-1.30%"
"01/03/2022","401.68","399.05","401.94","396.88","40.58M","0.96%"
"12/31/2021","397.85","399.66","401.06","397.34","34.75M","-0.62%"
"12/30/2021","400.35","401.33","403.57","399.75","23.85M","-0.30%"
"12/29/2021","401.55","401.75","403.05","399.11","32.25M","-0.01%"
"12/28/2021","401.61","404.40","404.58","400.71","33.11M","-0.46%"
"12/27/2021","403.48","398.25","403.48","398.22","32.82M","1.65%"
"12/23/2021","396.92","394.31","398.42","394.14","29.60M","0.75%"
"12/22/2021","393.95","388.91","394.16","388.23","37.04M","1.22%"
"12/21/2021","389.21","384.05","389.53","380.20","48.90M","2.24%"
"12/20/2021","380.69","379.57","381.50","377.47","65.34M","-1.10%"
"12/17/2021","384.91","383.33","389.19","381.77","81.64M","-0.50%"
"12/16/2021","386.84","398.04","398.48","385.21","82.59M","-2.57%"
"12/15/2021","397.05","387.94","397.42","383.88","73.86M","2.28%"
"12/14/2021","388.20","387.30","390.09","383.63","75.20M","-1.04%"
"12/13/2021","392.26","398.00","398.33","391.88","50.17M","-1.44%"
"12/10/2021","398.01","396.62","398.28","393.36","52.55M","1.09%"
"12/09/2021","393.73","398.35","400.20","393.53","49.97M","-1.47%"
"12/08/2021","399.61","398.17","399.82","396.22","39.20M","0.45%"
"12/07/2021","397.83","393.03","398.46","392.99","56.01M","3.01%"
"12/06/2021","386.20","383.63","387.60","379.30","67.59M","0.80%"
"12/03/2021","383.13","391.31","392.34","378.90","105.35M","-1.74%"
"12/02/2021","389.91","385.80","391.74","384.34","84.42M","0.72%"
"12/01/2021","387.12","398.28","400.48","386.64","78.38M","-1.70%"
"11/30/2021","393.82","398.78","401.19","391.75","81.33M","-1.47%"
"11/29/2021","399.69","395.89","400.73","395.14","54.45M","2.17%"
"11/26/2021","391.20","396.11","397.54","389.77","51.53M","-1.90%"
"11/24/2021","398.76","394.93","399.05","392.54","46.95M","0.32%"
"11/23/2021","397.48","398.11","400.23","392.92","70.10M","-0.46%"
"11/22/2021","399.30","405.57","408.71","399.19","61.72M","-1.16%"
"11/19/2021","403.99","403.43","405.30","402.58","45.19M","0.56%"
"11/18/2021","401.75","399.73","402.27","397.45","45.72M","1.04%"
"11/17/2021","397.63","397.75","399.72","396.64","28.70M","0.05%"
"11/16/2021","397.42","393.86","397.93","393.66","27.87M","0.71%"
"11/15/2021","394.61","395.91","396.24","392.10","33.72M","-0.02%"
"11/12/2021","394.70","391.77","395.25","390.13","34.73M","1.05%"
"11/11/2021","390.59","392.57","392.75","390.24","32.24M","0.28%"
"11/10/2021","389.51","392.47","395.36","387.53","54.94M","-1.47%"
"11/09/2021","395.32","399.16","399.57","393.92","50.49M","-0.69%"
"11/08/2021","398.06","398.57","399.62","397.40","29.26M","-0.14%"
"11/05/2021","398.60","400.04","400.99","397.16","43.38M","0.10%"
"11/04/2021","398.22","394.48","399.20","393.92","40.27M","1.28%"
"11/03/2021","393.18","389.55","393.61","388.48","33.75M","1.06%"
"11/02/2021","389.05","386.80","389.54","386.75","25.14M","0.42%"
"11/01/2021","387.43","386.56","387.56","384.42","30.77M","0.34%"
"10/29/2021","386.11","381.06","386.28","380.70","37.31M","0.49%"
"10/28/2021","384.22","381.95","384.48","381.15","38.01M","1.11%"
"10/27/2021","380.00","379.58","383.15","379.31","45.76M","0.23%"
"10/26/2021","379.12","380.23","382.71","377.90","47.19M","0.31%"
"10/25/2021","377.93","375.56","378.87","373.56","32.60M","1.02%"
"10/22/2021","374.10","375.98","376.97","372.39","36.28M","-0.84%"
"10/21/2021","377.27","374.16","377.47","373.85","25.47M","0.61%"
"10/20/2021","374.98","375.94","376.57","373.46","31.39M","-0.13%"
"10/19/2021","375.47","373.75","375.52","372.70","29.09M","0.76%"
"10/18/2021","372.65","367.61","372.87","366.99","34.51M","1.01%"
"10/15/2021","368.94","367.88","369.06","366.82","40.42M","0.63%"
"10/14/2021","366.63","363.69","366.85","363.01","43.43M","1.84%"
"10/13/2021","360.00","359.51","360.69","357.43","40.12M","0.80%"
"10/12/2021","357.14","359.88","360.33","356.48","43.91M","-0.35%"
"10/11/2021","358.39","359.58","363.20","358.30","34.85M","-0.77%"
"10/08/2021","361.16","364.08","364.32","360.61","41.82M","-0.50%"
"10/07/2021","362.97","362.80","365.69","362.25","39.41M","0.92%"
"10/06/2021","359.67","354.08","359.95","353.15","56.81M","0.64%"
"10/05/2021","357.38","353.71","359.69","353.48","47.23M","1.35%"
"10/04/2021","352.62","358.52","358.86","350.32","76.77M","-2.10%"
"10/01/2021","360.18","358.60","361.25","354.38","56.38M","0.62%"
"09/30/2021","357.96","360.97","362.68","357.10","61.38M","-0.37%"
"09/29/2021","359.28","361.17","363.37","358.64","58.08M","-0.16%"
"09/28/2021","359.87","365.67","370.30","359.35","97.70M","-2.83%"
"09/27/2021","370.35","370.20","371.25","367.73","43.34M","-0.80%"
"09/24/2021","373.33","370.65","373.76","370.27","36.06M","0.09%"
"09/23/2021","372.98","370.76","374.04","370.10","44.65M","0.92%"
"09/22/2021","369.57","367.09","371.07","365.96","46.97M","0.93%"
"09/21/2021","366.15","367.58","368.81","364.99","41.93M","0.12%"
"09/20/2021","365.70","367.46","369.25","360.93","76.20M","-2.17%"
"09/17/2021","373.83","377.82","377.87","372.76","60.91M","-1.18%"
"09/16/2021","378.31","376.68","378.90","374.70","35.19M","0.07%"
"09/15/2021","378.05","375.73","378.41","373.37","34.10M","0.74%"
"09/14/2021","375.26","377.86","378.61","374.28","41.83M","-0.28%"
"09/13/2021","376.33","378.99","379.43","374.22","48.74M","-0.07%"
"09/10/2021","376.59","381.23","381.97","376.24","40.25M","-0.76%"
"09/09/2021","379.47","381.01","382.15","379.22","29.40M","-0.34%"
"09/08/2021","380.78","381.93","381.93","378.45","32.95M","-0.35%"
"09/07/2021","382.11","381.68","382.78","380.49","23.97M","0.14%"
"09/03/2021","381.57","379.22","381.98","379.20","24.62M","0.31%"
"09/02/2021","380.40","381.97","382.31","379.15","25.50M","-0.05%"
"09/01/2021","380.58","381.04","382.71","380.37","28.14M","0.17%"
"08/31/2021","379.95","380.51","380.58","378.36","29.63M","-0.08%"
"08/30/2021","380.26","376.85","380.76","376.83","27.30M","1.12%"
"08/27/2021","376.04","373.07","376.56","372.57","27.10M","0.97%"
"08/26/2021","372.42","373.92","374.62","371.97","29.13M","-0.63%"
"08/25/2021","374.80","374.63","375.39","373.86","20.44M","0.11%"
"08/24/2021","374.37","373.84","374.99","373.36","21.73M","0.31%"
"08/23/2021","373.23","368.80","373.93","368.79","34.03M","1.50%"
"08/20/2021","367.73","365.06","368.14","364.74","39.49M","1.04%"
"08/19/2021","363.96","360.22","365.68","359.96","48.50M","0.48%"
"08/18/2021","362.21","365.18","366.62","361.86","38.54M","-0.96%"
"08/17/2021","365.73","366.15","367.15","363.23","44.79M","-0.88%"
"08/16/2021","368.98","367.67","369.02","363.70","35.04M","0.04%"
"08/13/2021","368.82","367.89","369.16","367.38","19.34M","0.35%"
"08/12/2021","367.53","365.69","367.90","364.30","26.00M","0.36%"
"08/11/2021","366.21","368.14","368.65","364.84","34.25M","-0.17%"
"08/10/2021","366.84","369.26","369.56","365.62","35.13M","-0.51%"
"08/09/2021","368.73","368.52","369.27","367.39","25.96M","0.18%"
"08/06/2021","368.05","368.37","369.37","366.90","33.33M","-0.44%"
"08/05/2021","369.67","368.18","369.91","367.45","21.44M","0.63%"
"08/04/2021","367.34","366.77","368.32","365.63","29.60M","0.14%"
"08/03/2021","366.81","365.28","366.93","362.00","35.56M","0.61%"
"08/02/2021","364.60","366.28","366.88","363.87","27.33M","0.01%"
"07/30/2021","364.57","362.44","365.17","362.41","36.48M","-0.52%"
"07/29/2021","366.48","365.25","367.68","365.25","25.67M","0.18%"
"07/28/2021","365.83","365.60","367.45","363.24","42.07M","0.38%"
"07/27/2021","364.43","368.22","368.22","360.16","57.93M","-1.10%"
"07/26/2021","368.49","367.49","368.89","366.60","28.44M","0.08%"
"07/23/2021","368.20","365.31","368.48","363.92","31.96M","1.17%"
"07/22/2021","363.95","361.77","363.96","361.77","30.25M","0.66%"
"07/21/2021","361.56","358.35","361.56","358.12","30.26M","0.77%"
"07/20/2021","358.79","355.63","360.28","353.80","42.18M","1.16%"
"07/19/2021","354.67","354.05","355.18","352.04","64.40M","-0.82%"
"07/16/2021","357.60","361.40","362.41","357.24","47.26M","-0.81%"
"07/15/2021","360.52","362.98","363.19","358.46","53.39M","-0.70%"
"07/14/2021","363.07","364.83","365.49","362.22","35.34M","0.18%"
"07/13/2021","362.42","362.03","365.46","361.54","39.72M","0.00%"
"07/12/2021","362.42","362.45","362.89","360.83","25.72M","0.39%"
"07/09/2021","361.01","358.17","361.50","357.57","35.18M","0.62%"
"07/08/2021","358.77","355.74","359.65","354.42","50.89M","-0.60%"
"07/07/2021","360.95","362.45","362.76","358.94","35.27M","0.21%"
"07/06/2021","360.19","359.26","360.48","356.49","38.84M","0.43%"
"07/02/2021","358.64","356.52","358.97","356.28","32.73M","1.15%"
"07/01/2021","354.57","354.07","355.09","352.68","29.29M","0.04%"
"06/30/2021","354.43","354.83","355.23","353.83","32.72M","-0.16%"
"06/29/2021","354.99","353.53","355.02","352.67","29.43M","0.36%"
"06/28/2021","353.71","350.78","353.85","350.72","39.13M","1.22%"
"06/25/2021","349.46","350.47","350.72","348.84","28.68M","-0.12%"
"06/24/2021","349.89","349.73","351.46","349.17","32.58M","0.62%"
"06/23/2021","347.74","347.51","348.92","346.88","27.19M","0.05%"
"06/22/2021","347.57","344.15","348.03","343.84","28.94M","0.93%"
"06/21/2021","344.36","342.43","344.69","340.15","32.99M","0.50%"
"06/18/2021","342.63","343.63","344.81","341.86","55.41M","-0.78%"
"06/17/2021","345.34","339.97","346.38","339.92","59.72M","1.27%"
"06/16/2021","341.01","342.74","343.84","337.45","55.40M","-0.37%"
"06/15/2021","342.26","344.15","344.47","341.52","35.96M","-0.65%"
"06/14/2021","344.51","341.68","344.52","340.46","27.83M","0.96%"
"06/11/2021","341.24","340.36","341.25","339.69","21.22M","0.26%"
"06/10/2021","340.35","337.19","340.46","336.73","33.70M","1.04%"
"06/09/2021","336.84","338.17","338.97","336.65","21.49M","0.02%"
"06/08/2021","336.76","338.39","339.29","335.03","27.28M","0.05%"
"06/07/2021","336.60","335.05","336.66","334.34","32.61M","0.30%"
"06/04/2021","335.60","331.85","336.06","331.78","38.74M","1.70%"
"06/03/2021","330.00","330.55","331.86","328.28","37.06M","-1.04%"
"06/02/2021","333.47","333.25","334.34","331.70","22.05M","0.20%"
"06/01/2021","332.82","335.30","335.79","331.43","31.15M","-0.33%"
"05/28/2021","333.93","334.12","335.57","333.60","29.93M","0.32%"
"05/27/2021","332.88","333.67","334.54","332.67","27.93M","-0.37%"
"05/26/2021","334.13","333.66","334.61","332.95","25.44M","0.35%"
"05/25/2021","332.97","334.07","334.81","331.76","31.28M","0.14%"
"05/24/2021","332.51","329.37","333.67","326.90","32.48M","1.68%"
"05/21/2021","327.01","330.43","330.86","326.64","50.33M","-0.55%"
"05/20/2021","328.83","324.12","329.71","323.89","46.47M","1.93%"
"05/19/2021","322.59","316.66","322.90","316.30","66.32M","0.11%"
"05/18/2021","322.22","325.39","326.65","321.94","36.53M","-0.68%"
"05/17/2021","324.41","324.63","326.37","321.45","39.39M","-0.61%"
"05/14/2021","326.39","322.60","327.33","322.08","44.37M","2.21%"
"05/13/2021","319.34","319.92","322.40","316.90","69.88M","0.77%"
"05/12/2021","316.89","320.23","322.62","316.00","91.16M","-2.59%"
"05/11/2021","325.31","319.70","326.13","319.02","71.96M","-0.14%"
"05/10/2021","325.76","332.78","332.96","325.55","60.70M","-2.53%"
"05/07/2021","334.20","334.37","336.65","331.69","53.32M","0.81%"
"05/06/2021","331.51","328.76","331.67","326.45","46.81M","0.75%"
"05/05/2021","329.03","332.25","333.14","328.23","46.22M","-0.34%"
"05/04/2021","330.14","333.56","333.89","326.21","65.15M","-1.80%"
"05/03/2021","336.19","339.23","340.00","335.73","29.73M","-0.53%"
"04/30/2021","337.99","337.70","340.26","337.05","38.26M","-0.66%"
"04/29/2021","340.22","342.37","342.80","336.90","37.71M","0.36%"
"04/28/2021","339.00","339.81","340.85","338.33","33.62M","-0.34%"
"04/27/2021","340.15","341.93","342.15","339.17","33.19M","-0.43%"
"04/26/2021","341.63","339.67","341.92","338.90","30.81M","0.65%"
"04/23/2021","339.42","335.85","340.77","335.85","36.41M","1.26%"
"04/22/2021","335.20","338.89","339.90","334.01","45.94M","-1.21%"
"04/21/2021","339.29","335.09","339.48","333.97","36.60M","0.86%"
"04/20/2021","336.41","338.20","339.52","334.38","38.08M","-0.73%"
"04/19/2021","338.88","340.39","341.58","336.90","34.53M","-0.92%"
"04/16/2021","342.01","342.15","342.23","340.08","40.86M","0.12%"
"04/15/2021","341.61","339.47","342.01","336.22","36.34M","1.52%"
"04/14/2021","336.51","340.85","340.98","335.67","42.56M","-1.20%"
"04/13/2021","340.60","338.24","341.08","338.02","30.37M","1.17%"
"04/12/2021","336.67","336.04","337.10","334.73","25.83M","-0.13%"
"04/09/2021","337.11","333.68","337.32","332.92","36.66M","0.61%"
"04/08/2021","335.08","334.56","335.27","333.74","29.94M","1.04%"
"04/07/2021","331.62","330.33","332.48","329.37","32.05M","0.24%"
"04/06/2021","330.82","330.73","332.83","330.02","33.54M","-0.07%"
"04/05/2021","331.05","327.13","331.84","324.64","42.17M","2.00%"
"04/01/2021","324.57","323.07","324.71","322.81","55.69M","1.70%"
"03/31/2021","319.13","316.16","320.74","315.81","55.03M","1.53%"
"03/30/2021","314.32","313.89","314.91","311.54","44.64M","-0.50%"
"03/29/2021","315.91","315.45","316.99","312.47","54.61M","-0.03%"
"03/26/2021","316.00","311.11","316.33","309.67","63.52M","1.50%"
"03/25/2021","311.33","309.97","312.89","307.39","78.73M","-0.17%"
"03/24/2021","311.87","318.63","318.67","311.72","64.80M","-1.69%"
"03/23/2021","317.22","319.73","321.09","316.38","53.46M","-0.44%"
"03/22/2021","318.61","315.21","320.74","315.21","56.19M","1.75%"
"03/19/2021","313.14","311.87","314.73","309.66","78.45M","0.35%"
"03/18/2021","312.04","316.87","317.88","311.57","82.94M","-3.06%"
"03/17/2021","321.90","317.45","323.85","315.68","78.26M","0.41%"
"03/16/2021","320.58","321.09","324.20","319.10","54.93M","0.55%"
"03/15/2021","318.83","315.79","319.00","314.10","43.12M","1.07%"
"03/12/2021","315.46","313.86","318.23","311.39","69.32M","-0.81%"
"03/11/2021","318.04","315.77","319.86","314.85","53.48M","2.30%"
"03/10/2021","310.88","316.16","316.47","310.17","76.80M","-0.29%"
"03/09/2021","311.77","307.47","313.73","306.92","80.39M","3.94%"
"03/08/2021","299.94","308.12","310.06","299.51","88.41M","-2.83%"
"03/05/2021","308.68","306.80","309.61","297.45","121.52M","1.51%"
"03/04/2021","304.10","308.78","312.04","300.11","139.13M","-1.64%"
"03/03/2021","309.16","317.27","318.24","309.10","86.30M","-2.90%"
"03/02/2021","318.40","324.25","324.33","318.14","48.37M","-1.60%"
"03/01/2021","323.59","319.27","323.94","317.93","49.16M","3.01%"
"02/26/2021","314.14","315.85","319.11","310.88","104.74M","0.42%"
"02/25/2021","312.83","321.39","324.03","311.24","110.18M","-3.49%"
"02/24/2021","324.13","318.74","324.45","315.96","58.21M","0.82%"
"02/23/2021","321.48","317.00","323.20","311.00","97.24M","-0.30%"
"02/22/2021","322.44","326.50","327.80","322.23","47.26M","-2.59%"
"02/19/2021","331.02","333.86","333.99","329.97","39.16M","-0.44%"
"02/18/2021","332.47","330.23","333.87","328.36","32.24M","-0.44%"
"02/17/2021","333.93","332.47","335.66","330.17","31.47M","-0.48%"
"02/16/2021","335.54","337.27","338.19","334.34","27.08M","-0.27%"
"02/12/2021","336.45","333.71","336.62","332.63","20.35M","0.56%"
"02/11/2021","334.58","334.33","335.00","332.12","22.05M","0.55%"
"02/10/2021","332.75","334.99","335.46","329.50","28.07M","-0.23%"
"02/09/2021","333.51","332.62","334.81","332.61","17.60M","-0.02%"
"02/08/2021","333.58","333.10","333.74","331.41","20.46M","0.67%"
"02/05/2021","331.36","331.22","332.40","329.53","22.73M","0.34%"
"02/04/2021","330.24","327.82","330.33","326.46","22.35M","1.18%"
"02/03/2021","326.38","329.82","330.20","326.32","24.82M","-0.40%"
"02/02/2021","327.68","325.48","328.87","325.31","33.93M","1.63%"
"02/01/2021","322.42","318.11","323.54","316.02","35.65M","2.50%"
"01/29/2021","314.56","319.58","320.72","312.76","55.26M","-2.10%"
"01/28/2021","321.32","320.67","326.42","320.03","42.84M","0.59%"
"01/27/2021","319.43","326.26","326.27","317.36","55.26M","-2.79%"
"01/26/2021","328.59","328.85","329.76","327.22","25.50M","0.15%"
"01/25/2021","328.11","328.91","330.32","321.41","39.08M","0.83%"
"01/22/2021","325.42","325.29","326.46","324.71","21.61M","-0.29%"
"01/21/2021","326.36","325.15","327.13","323.73","25.32M","0.80%"
"01/20/2021","323.77","320.14","324.74","316.51","30.73M","2.33%"
"01/19/2021","316.41","314.25","316.93","313.12","24.54M","1.46%"
"01/15/2021","311.86","314.13","315.12","310.58","35.12M","-0.79%"
"01/14/2021","314.35","316.50","317.53","313.86","23.50M","-0.53%"
"01/13/2021","316.04","314.19","316.86","313.57","22.90M","0.68%"
"01/12/2021","313.92","314.46","315.58","311.20","29.27M","-0.16%"
"01/11/2021","314.42","315.98","317.19","313.75","32.87M","-1.45%"
"01/08/2021","319.03","317.34","319.39","315.08","33.96M","1.29%"
"01/07/2021","314.98","310.28","315.84","310.25","30.39M","2.42%"
"01/06/2021","307.54","307.00","311.88","305.98","52.81M","-1.39%"
"01/05/2021","311.86","308.29","312.14","308.29","29.32M","0.82%"
"01/04/2021","309.31","315.11","315.29","305.18","45.31M","-1.41%"
"12/31/2020","313.74","312.87","314.24","311.76","21.61M","0.25%"
"12/30/2020","312.97","314.16","314.49","312.33","18.14M","0.00%"
"12/29/2020","312.96","314.05","314.68","312.03","25.87M","0.09%"
"12/28/2020","312.68","312.25","313.17","310.36","22.50M","1.01%"
"12/24/2020","309.56","308.47","310.02","308.39","16.78M","0.44%"
"12/23/2020","308.20","309.81","310.18","308.04","21.20M","-0.50%"
"12/22/2020","309.76","309.85","310.71","306.85","26.38M","0.27%"
"12/21/2020","308.92","306.46","309.47","303.60","37.10M","-0.37%"
"12/18/2020","310.06","311.66","311.98","307.61","41.17M","-0.30%"
"12/17/2020","311.00","310.63","311.24","309.39","23.73M","0.65%"
"12/16/2020","308.98","307.70","309.79","306.62","25.46M","0.55%"
"12/15/2020","307.29","306.37","307.29","304.11","25.79M","1.07%"
"12/14/2020","304.04","303.08","306.05","303.01","28.80M","0.73%"
"12/11/2020","301.85","300.81","301.98","298.47","26.76M","-0.22%"
"12/10/2020","302.52","299.21","303.68","298.09","27.52M","0.40%"
"12/09/2020","301.31","308.07","308.36","300.21","48.84M","-2.26%"
"12/08/2020","308.29","306.76","308.60","304.95","18.34M","0.34%"
"12/07/2020","307.25","305.71","307.63","305.52","20.85M","0.57%"
"12/04/2020","305.52","304.33","305.67","303.63","19.33M","0.41%"
"12/03/2020","304.28","304.07","305.88","303.53","22.83M","0.14%"
"12/02/2020","303.85","302.22","304.20","300.35","23.62M","0.13%"
"12/01/2020","303.46","301.87","305.14","300.83","27.64M","1.28%"
"11/30/2020","299.62","299.30","299.97","294.78","27.84M","0.20%"
"11/27/2020","299.01","298.29","300.17","297.90","17.16M","0.92%"
"11/25/2020","296.28","295.44","296.94","294.59","23.33M","0.61%"
"11/24/2020","294.47","291.49","294.98","289.63","24.52M","1.41%"
"11/23/2020","290.39","291.41","292.75","288.07","26.88M","0.00%"
"11/20/2020","290.38","292.30","293.07","290.29","25.91M","-0.68%"
"11/19/2020","292.38","289.48","292.70","288.85","22.72M","0.78%"
"11/18/2020","290.11","291.70","293.37","290.02","28.07M","-0.74%"
"11/17/2020","292.27","293.40","293.74","291.61","21.84M","-0.32%"
"11/16/2020","293.20","290.68","293.51","289.99","30.17M","0.78%"
"11/13/2020","290.93","290.01","291.57","287.87","24.88M","0.88%"
"11/12/2020","288.40","290.72","292.07","287.25","34.52M","-0.47%"
"11/11/2020","289.76","285.92","290.25","283.38","36.10M","2.24%"
"11/10/2020","283.42","285.26","286.66","280.62","69.02M","-1.79%"
"11/09/2020","288.59","297.31","299.14","288.12","86.54M","-2.04%"
"11/06/2020","294.61","293.58","295.36","289.83","40.96M","0.07%"
"11/05/2020","294.39","293.41","295.39","292.00","52.05M","2.61%"
"11/04/2020","286.91","283.56","288.77","281.87","75.73M","4.46%"
"11/03/2020","274.65","271.86","276.82","270.84","43.60M","1.73%"
"11/02/2020","269.98","271.73","273.52","266.97","39.99M","0.22%"
"10/30/2020","269.38","274.38","275.24","267.07","65.94M","-2.54%"
"10/29/2020","276.39","273.04","279.49","272.52","43.25M","1.75%"
"10/28/2020","271.64","278.13","278.64","271.38","53.41M","-3.90%"
"10/27/2020","282.66","281.42","283.51","280.20","30.56M","0.78%"
"10/26/2020","280.47","282.32","285.30","276.76","38.42M","-1.50%"
"10/23/2020","284.74","284.79","284.91","281.78","24.66M","0.20%"
"10/22/2020","284.18","285.05","285.98","280.82","32.20M","0.00%"
"10/21/2020","284.19","284.67","287.32","283.69","29.31M","-0.08%"
"10/20/2020","284.41","284.56","287.62","282.95","32.20M","0.21%"
"10/19/2020","283.80","290.49","291.48","282.79","36.76M","-1.63%"
"10/16/2020","288.51","291.80","293.27","288.15","40.57M","-0.55%"
"10/15/2020","290.10","287.25","290.71","286.54","42.51M","-0.67%"
"10/14/2020","292.06","295.32","296.35","290.26","37.18M","-0.84%"
"10/13/2020","294.52","296.34","297.05","293.11","64.24M","0.00%"
"10/12/2020","294.53","290.60","297.46","289.47","79.37M","3.09%"
"10/09/2020","285.71","283.09","285.79","282.71","30.20M","1.53%"
"10/08/2020","281.41","282.32","282.47","280.31","25.44M","0.53%"
"10/07/2020","279.92","277.83","280.74","277.28","27.54M","1.73%"
"10/06/2020","275.16","279.29","281.19","274.25","49.70M","-1.78%"
"10/05/2020","280.16","276.34","280.49","276.23","28.18M","2.13%"
"10/02/2020","274.31","276.01","282.24","273.44","75.50M","-2.81%"
"10/01/2020","282.25","281.79","282.88","279.84","50.02M","1.59%"
"09/30/2020","277.84","276.09","281.09","275.87","49.38M","0.68%"
"09/29/2020","275.95","276.72","277.71","275.37","27.18M","-0.45%"
"09/28/2020","277.20","276.61","277.20","271.67","58.44M","2.08%"
"09/25/2020","271.56","265.82","272.39","264.30","55.24M","2.32%"
"09/24/2020","265.39","261.58","268.70","261.22","70.63M","0.47%"
"09/23/2020","264.16","272.15","272.34","263.25","48.84M","-3.05%"
"09/22/2020","272.48","270.05","273.08","266.54","41.13M","1.86%"
"09/21/2020","267.51","262.52","267.65","260.11","57.17M","0.24%"
"09/18/2020","266.87","271.62","272.09","262.63","86.25M","-1.28%"
"09/17/2020","270.32","267.52","274.40","266.68","81.57M","-1.56%"
"09/16/2020","274.61","279.77","280.36","274.25","42.44M","-1.59%"
"09/15/2020","279.06","278.90","280.45","275.13","41.85M","1.42%"
"09/14/2020","275.16","274.28","277.22","272.96","38.53M","1.74%"
"09/11/2020","270.45","274.33","275.22","266.90","71.81M","-0.69%"
"09/10/2020","272.34","280.97","282.20","270.56","69.67M","-1.99%"
"09/09/2020","277.88","275.54","280.05","273.00","64.84M","2.94%"
"09/08/2020","269.95","272.27","278.22","269.66","99.57M","-4.81%"
"09/04/2020","283.58","285.76","288.93","271.80","123.96M","-1.33%"
"09/03/2020","287.41","298.20","298.62","284.41","110.08M","-5.07%"
"09/02/2020","302.76","303.26","303.50","296.89","50.84M","0.95%"
"09/01/2020","299.92","297.60","300.04","295.79","36.40M","1.71%"
"08/31/2020","294.88","293.16","296.74","292.62","36.32M","0.80%"
"08/28/2020","292.53","292.27","293.18","290.93","28.02M","0.51%"
"08/27/2020","291.05","293.08","293.85","288.70","49.48M","-0.31%"
"08/26/2020","291.96","287.11","292.22","285.83","42.22M","2.13%"
"08/25/2020","285.86","282.78","286.06","282.37","34.87M","0.79%"
"08/24/2020","283.63","285.06","286.00","281.27","36.42M","0.62%"
"08/21/2020","281.87","280.07","282.34","279.46","34.75M","0.69%"
"08/20/2020","279.93","275.30","280.43","274.86","27.72M","1.39%"
"08/19/2020","276.10","277.93","279.02","275.57","32.00M","-0.67%"
"08/18/2020","277.97","276.41","278.46","274.91","23.53M","0.96%"
"08/17/2020","275.32","273.91","275.84","272.20","24.80M","1.16%"
"08/14/2020","272.16","273.01","273.40","270.72","30.80M","-0.12%"
"08/13/2020","272.48","272.64","274.83","271.51","31.90M","0.23%"
"08/12/2020","271.86","267.37","272.84","267.37","38.89M","2.52%"
"08/11/2020","265.19","269.10","270.44","264.63","43.10M","-1.89%"
"08/10/2020","270.31","271.74","271.98","266.67","35.09M","-0.43%"
"08/07/2020","271.47","274.04","274.88","269.24","44.97M","-1.15%"
"08/06/2020","274.64","270.78","274.98","270.19","28.05M","1.32%"
"08/05/2020","271.05","270.82","271.50","270.00","21.69M","0.25%"
"08/04/2020","270.38","269.06","270.40","268.11","24.91M","0.37%"
"08/03/2020","269.38","268.12","270.13","267.93","32.08M","1.35%"
"07/31/2020","265.79","265.83","265.95","260.85","53.76M","1.78%"
"07/30/2020","261.13","257.64","261.68","256.57","41.77M","0.52%"
"07/29/2020","259.77","258.33","260.66","257.91","27.56M","1.15%"
"07/28/2020","256.81","259.31","259.84","256.53","31.30M","-1.27%"
"07/27/2020","260.12","257.27","260.51","256.46","36.45M","1.78%"
"07/24/2020","255.56","254.12","256.93","251.32","54.05M","-0.95%"
"07/23/2020","258.01","264.55","265.22","256.57","51.36M","-2.61%"
"07/22/2020","264.93","264.46","265.88","262.58","29.87M","0.35%"
"07/21/2020","264.00","268.36","268.36","263.16","43.44M","-1.04%"
"07/20/2020","266.78","260.12","267.43","258.79","40.61M","2.84%"
"07/17/2020","259.42","259.71","260.31","257.17","35.14M","0.12%"
"07/16/2020","259.12","258.00","259.77","255.74","47.59M","-0.68%"
"07/15/2020","260.90","261.83","262.68","257.50","54.52M","0.20%"
"07/14/2020","260.37","256.11","260.76","252.80","72.23M","0.71%"
"07/13/2020","258.54","266.95","269.76","257.75","64.11M","-2.06%"
"07/10/2020","263.97","262.00","264.23","259.26","32.89M","0.68%"
"07/09/2020","262.18","261.95","262.47","257.68","40.31M","0.84%"
"07/08/2020","259.99","258.03","259.99","256.58","30.43M","1.32%"
"07/07/2020","256.61","258.10","260.88","256.30","36.58M","-0.69%"
"07/06/2020","258.39","255.47","258.92","255.46","34.59M","2.46%"
"07/02/2020","252.19","252.97","254.27","251.71","31.96M","0.68%"
"07/01/2020","250.49","247.66","251.52","247.08","34.69M","1.17%"
"06/30/2020","247.60","242.77","248.16","242.58","38.24M","1.96%"
"06/29/2020","242.84","240.03","242.84","237.36","34.38M","1.09%"
"06/26/2020","240.22","245.75","245.96","239.68","52.82M","-2.36%"
"06/25/2020","246.03","243.80","246.33","241.15","36.94M","0.95%"
"06/24/2020","243.71","247.95","249.30","242.17","46.03M","-2.06%"
"06/23/2020","248.84","248.29","251.13","247.84","32.77M","0.85%"
"06/22/2020","246.74","243.76","246.85","243.39","24.07M","1.02%"
"06/19/2020","244.24","246.74","247.00","242.45","49.42M","-0.02%"
"06/18/2020","244.28","243.25","244.52","242.74","30.58M","0.27%"
"06/17/2020","243.62","244.18","245.47","242.84","34.75M","0.32%"
"06/16/2020","242.85","243.72","244.36","239.13","48.89M","1.72%"
"06/15/2020","238.75","232.35","239.43","231.53","45.31M","1.22%"
"06/12/2020","235.88","239.09","240.40","231.74","72.03M","0.79%"
"06/11/2020","234.02","242.16","243.56","233.97","72.92M","-4.95%"
"06/10/2020","246.22","245.07","247.80","244.52","58.08M","1.20%"
"06/09/2020","243.30","240.56","244.17","240.56","35.05M","0.72%"
"06/08/2020","241.55","239.51","241.65","237.93","32.94M","0.78%"
"06/05/2020","239.69","236.06","240.30","235.63","47.37M","1.98%"
"06/04/2020","235.03","236.37","237.77","233.69","38.72M","-0.70%"
"06/03/2020","236.69","236.23","237.47","235.35","36.60M","0.45%"
"06/02/2020","235.63","234.39","235.64","232.01","33.38M","0.67%"
"06/01/2020","234.06","232.44","234.45","232.04","26.14M","0.30%"
"05/29/2020","233.36","230.43","233.60","228.76","50.88M","1.47%"
"05/28/2020","229.99","229.25","233.46","229.16","43.01M","-0.13%"
"05/27/2020","230.29","228.61","230.37","223.96","55.67M","0.55%"
"05/26/2020","229.04","233.37","233.50","228.79","33.06M","-0.27%"
"05/22/2020","229.66","228.46","229.87","227.50","28.76M","0.35%"
"05/21/2020","228.87","231.36","232.11","228.38","43.64M","-1.09%"
"05/20/2020","231.39","229.48","231.76","229.48","37.06M","2.00%"
"05/19/2020","226.86","227.60","229.81","226.76","36.24M","-0.25%"
"05/18/2020","227.43","226.25","228.46","225.53","42.60M","1.86%"
"05/15/2020","223.27","218.77","223.30","218.40","55.75M","0.65%"
"05/14/2020","221.83","217.90","221.83","216.02","51.55M","1.14%"
"05/13/2020","219.34","222.71","224.60","216.75","65.52M","-1.25%"
"05/12/2020","222.12","227.48","228.10","222.09","41.05M","-2.09%"
"05/11/2020","226.87","223.50","227.93","223.25","35.71M","0.89%"
"05/08/2020","224.86","223.55","225.00","222.48","31.96M","1.37%"
"05/07/2020","221.82","221.75","222.73","220.42","38.62M","1.29%"
"05/06/2020","219.00","219.37","221.04","218.11","36.46M","0.62%"
"05/05/2020","217.66","217.40","220.14","216.85","37.78M","1.13%"
"05/04/2020","215.22","211.61","215.45","211.12","32.84M","1.17%"
"05/01/2020","212.74","214.54","216.67","211.68","48.79M","-2.82%"
"04/30/2020","218.91","220.01","220.04","217.35","43.36M","-0.04%"
"04/29/2020","219.00","216.21","219.97","215.14","48.72M","3.55%"
"04/28/2020","211.50","217.27","217.32","211.21","46.86M","-1.88%"
"04/27/2020","215.56","216.18","216.63","214.50","36.45M","0.80%"
"04/24/2020","213.84","210.94","214.30","209.50","34.30M","1.58%"
"04/23/2020","210.52","211.80","214.43","210.10","43.28M","-0.21%"
"04/22/2020","210.97","209.14","212.35","208.33","40.19M","2.97%"
"04/21/2020","204.89","210.63","211.16","203.63","72.93M","-3.69%"
"04/20/2020","212.74","213.27","215.88","212.57","38.25M","-1.18%"
"04/17/2020","215.29","215.96","216.51","212.08","62.86M","0.96%"
"04/16/2020","213.25","211.78","214.37","209.69","64.66M","1.82%"
"04/15/2020","209.43","208.48","211.83","207.12","47.04M","-1.15%"
"04/14/2020","211.86","207.17","212.50","206.42","63.96M","4.35%"
"04/13/2020","203.03","199.92","203.42","198.75","42.85M","1.08%"
"04/09/2020","200.86","202.27","203.22","199.03","68.32M","0.14%"
"04/08/2020","200.57","198.08","201.17","196.17","45.94M","2.12%"
"04/07/2020","196.40","202.14","202.66","196.00","69.90M","-0.04%"
"04/06/2020","196.48","190.38","197.65","189.19","64.76M","7.15%"
"04/03/2020","183.37","185.50","187.07","181.29","47.49M","-1.42%"
"04/02/2020","186.01","181.59","190.10","180.97","56.47M","2.03%"
"04/01/2020","182.31","184.81","187.66","180.86","53.72M","-4.25%"
"03/31/2020","190.40","191.53","195.25","189.20","62.66M","-0.85%"
"03/30/2020","192.04","187.10","192.49","186.34","49.36M","3.64%"
"03/27/2020","185.30","186.93","190.51","184.66","58.84M","-3.44%"
"03/26/2020","191.90","183.78","192.69","183.73","79.89M","5.27%"
"03/25/2020","182.30","184.15","189.49","180.05","88.75M","-0.74%"
"03/24/2020","183.66","179.69","183.77","177.95","94.88M","7.74%"
"03/23/2020","170.46","170.92","174.21","164.93","124.64M","-0.14%"
"03/20/2020","170.70","181.74","182.87","170.10","118.98M","-3.92%"
"03/19/2020","177.66","175.61","183.45","171.67","120.90M","0.60%"
"03/18/2020","176.60","171.46","179.15","166.83","114.16M","-3.04%"
"03/17/2020","182.14","175.47","184.39","169.78","121.26M","7.58%"
"03/16/2020","169.30","174.15","184.68","169.16","92.05M","-11.98%"
"03/13/2020","192.34","187.07","194.48","178.13","134.88M","8.47%"
"03/12/2020","177.32","182.09","190.78","176.94","137.82M","-9.17%"
"03/11/2020","195.22","199.35","200.75","192.73","89.17M","-4.36%"
"03/10/2020","204.11","201.11","204.30","193.68","100.60M","5.45%"
"03/09/2020","193.57","193.48","201.16","192.11","116.42M","-6.95%"
"03/06/2020","208.02","204.67","209.15","202.91","89.83M","-1.69%"
"03/05/2020","211.59","212.69","216.36","210.10","78.71M","-3.04%"
"03/04/2020","218.22","213.32","218.33","211.37","73.09M","4.17%"
"03/03/2020","209.48","217.11","219.61","207.62","131.95M","-3.21%"
"03/02/2020","216.42","208.88","216.57","205.94","112.93M","5.16%"
"02/28/2020","205.80","198.92","207.17","198.17","149.25M","0.08%"
"02/27/2020","205.64","211.05","216.42","205.50","121.82M","-5.01%"
"02/26/2020","216.48","216.67","220.28","214.90","80.40M","0.52%"
"02/25/2020","215.37","223.19","223.99","214.74","97.74M","-2.72%"
"02/24/2020","221.39","221.84","224.25","220.26","84.52M","-3.86%"
"02/21/2020","230.27","233.64","234.01","229.32","66.06M","-1.92%"
"02/20/2020","234.78","236.46","236.95","231.88","42.60M","-0.93%"
"02/19/2020","236.98","236.07","237.47","235.85","22.23M","0.96%"
"02/18/2020","234.73","233.47","235.17","233.25","24.52M","0.04%"
"02/14/2020","234.64","234.28","234.86","233.55","23.44M","0.29%"
"02/13/2020","233.97","232.62","234.93","232.36","22.77M","-0.13%"
"02/12/2020","234.27","233.34","234.38","232.80","24.47M","0.97%"
"02/11/2020","232.01","233.21","234.02","231.40","30.20M","0.02%"
"02/10/2020","231.97","228.43","231.98","228.38","21.48M","1.21%"
"02/07/2020","229.20","229.16","230.44","228.54","25.88M","-0.43%"
"02/06/2020","230.19","228.77","230.25","227.98","22.47M","0.86%"
"02/05/2020","228.22","230.22","230.25","226.85","38.53M","0.33%"
"02/04/2020","227.47","225.39","227.86","224.65","30.69M","2.29%"
"02/03/2020","222.38","220.14","222.88","219.99","25.47M","1.51%"
"01/31/2020","219.07","223.50","223.56","218.28","52.02M","-1.59%"
"01/30/2020","222.60","220.37","222.70","219.69","39.57M","0.36%"
"01/29/2020","221.81","222.66","222.93","220.83","29.06M","0.16%"
"01/28/2020","221.45","219.60","221.96","219.06","26.73M","1.54%"
"01/27/2020","218.10","217.72","219.28","217.18","42.26M","-2.07%"
"01/24/2020","222.70","225.62","225.88","221.67","37.44M","-0.84%"
"01/23/2020","224.59","223.71","224.69","222.70","26.50M","0.32%"
"01/22/2020","223.87","224.38","225.15","223.59","20.74M","0.26%"
"01/21/2020","223.28","222.73","223.84","222.66","21.15M","-0.04%"
"01/17/2020","223.38","223.24","223.56","222.12","24.33M","0.49%"
"01/16/2020","222.28","221.24","222.32","220.80","18.80M","0.96%"
"01/15/2020","220.17","220.18","221.20","219.45","25.74M","0.04%"
"01/14/2020","220.08","220.75","221.21","219.74","24.57M","-0.39%"
"01/13/2020","220.95","219.31","220.98","218.98","22.85M","1.15%"
"01/10/2020","218.43","219.76","219.87","218.04","21.91M","-0.26%"
"01/09/2020","218.99","218.91","219.41","217.71","23.64M","0.85%"
"01/08/2020","217.15","215.47","218.14","215.16","26.46M","0.75%"
"01/07/2020","215.53","215.64","216.14","214.85","23.12M","-0.01%"
"01/06/2020","215.56","212.49","215.59","212.24","21.73M","0.64%"
"01/03/2020","214.18","213.29","215.47","213.28","27.53M","-0.92%"
"01/02/2020","216.16","214.40","216.16","213.98","31.01M","1.67%"
"12/31/2019","212.61","211.62","212.76","211.20","18.20M","0.19%"
"12/30/2019","212.21","213.51","213.63","211.16","21.83M","-0.66%"
"12/27/2019","213.61","214.55","214.56","213.04","18.14M","-0.08%"
"12/26/2019","213.79","212.26","213.81","212.23","17.16M","0.88%"
"12/24/2019","211.92","211.97","212.09","211.44","7.09M","0.05%"
"12/23/2019","211.81","212.03","212.15","211.63","23.80M","0.05%"
"12/20/2019","211.71","211.81","212.52","211.27","27.69M","0.40%"
"12/19/2019","210.86","209.64","210.93","209.62","17.89M","0.63%"
"12/18/2019","209.55","209.60","210.13","209.33","15.49M","0.08%"
"12/17/2019","209.39","209.50","209.71","209.04","16.03M","0.06%"
"12/16/2019","209.27","208.50","209.53","208.48","21.37M","1.00%"
"12/13/2019","207.19","206.36","207.91","205.96","32.53M","0.33%"
"12/12/2019","206.51","204.77","207.32","204.49","32.70M","0.75%"
"12/11/2019","204.98","204.37","205.19","204.04","18.90M","0.53%"
"12/10/2019","203.90","204.17","204.88","203.44","21.85M","-0.08%"
"12/09/2019","204.07","204.63","205.59","203.98","14.03M","-0.45%"
"12/06/2019","205.00","204.25","205.15","204.15","16.56M","1.07%"
"12/05/2019","202.83","203.15","203.15","201.84","15.04M","0.20%"
"12/04/2019","202.43","202.49","202.91","202.14","15.34M","0.51%"
"12/03/2019","201.41","200.32","201.49","193.78","31.43M","-0.78%"
"12/02/2019","203.00","205.11","205.18","201.78","28.12M","-1.02%"
"11/29/2019","205.10","205.59","205.83","205.00","9.85M","-0.46%"
"11/27/2019","206.04","205.13","206.05","204.89","17.06M","0.70%"
"11/26/2019","204.61","204.32","204.87","204.05","14.81M","0.19%"
"11/25/2019","204.22","202.67","204.26","202.67","17.79M","1.18%"
"11/22/2019","201.83","202.17","202.32","200.74","17.20M","0.06%"
"11/21/2019","201.70","201.94","202.07","201.07","17.93M","-0.22%"
"11/20/2019","202.15","202.85","203.45","200.62","36.71M","-0.60%"
"11/19/2019","203.37","203.84","203.84","202.59","17.00M","0.15%"
"11/18/2019","203.07","202.61","203.39","201.77","18.41M","0.08%"
"11/15/2019","202.91","202.61","202.91","202.00","18.43M","0.73%"
"11/14/2019","201.43","200.83","201.56","200.22","17.06M","-0.08%"
"11/13/2019","201.59","200.84","201.78","200.71","16.11M","0.02%"
"11/12/2019","201.54","201.13","202.21","200.82","14.78M","0.29%"
"11/11/2019","200.96","200.23","201.04","199.94","10.19M","-0.13%"
"11/08/2019","201.23","200.02","201.25","199.54","15.27M","0.40%"
"11/07/2019","200.43","200.76","201.72","199.85","17.83M","0.34%"
"11/06/2019","199.76","199.98","200.00","198.78","19.73M","-0.22%"
"11/05/2019","200.21","200.35","200.55","199.55","15.05M","0.05%"
"11/04/2019","200.10","200.19","200.53","198.87","19.02M","0.62%"
"11/01/2019","198.87","197.93","198.88","197.63","22.13M","0.91%"
"10/31/2019","197.08","197.56","197.65","195.94","26.80M","0.05%"
"10/30/2019","196.99","196.42","197.32","195.29","21.76M","0.48%"
"10/29/2019","196.04","197.24","197.53","196.01","18.57M","-0.77%"
"10/28/2019","197.57","196.57","197.83","196.55","18.84M","0.99%"
"10/25/2019","195.64","193.09","195.74","193.05","21.51M","0.80%"
"10/24/2019","194.09","193.62","194.21","192.74","19.26M","0.97%"
"10/23/2019","192.22","191.43","192.26","191.15","15.20M","0.19%"
"10/22/2019","191.85","194.06","194.42","191.79","22.99M","-0.80%"
"10/21/2019","193.39","192.65","193.52","192.14","15.87M","0.89%"
"10/18/2019","191.69","193.26","193.67","190.71","27.72M","-0.96%"
"10/17/2019","193.55","194.18","194.50","192.81","19.16M","0.26%"
"10/16/2019","193.04","192.88","193.53","192.43","20.69M","-0.25%"
"10/15/2019","193.52","191.65","193.97","191.56","23.74M","1.27%"
"10/14/2019","191.09","190.82","191.70","190.65","15.37M","-0.01%"
"10/11/2019","191.11","190.80","192.63","190.72","41.43M","1.29%"
"10/10/2019","188.68","187.25","189.43","187.12","26.69M","0.77%"
"10/09/2019","187.23","186.96","188.08","186.43","20.83M","0.98%"
"10/08/2019","185.42","187.01","187.86","185.27","33.20M","-1.50%"
"10/07/2019","188.24","188.23","189.74","187.91","21.40M","-0.30%"
"10/04/2019","188.81","186.99","189.08","186.88","32.75M","1.47%"
"10/03/2019","186.07","184.07","186.21","181.82","39.61M","1.10%"
"10/02/2019","184.05","186.01","187.20","183.02","48.93M","-1.72%"
"10/01/2019","187.27","189.54","190.59","186.96","32.67M","-0.82%"
"09/30/2019","188.81","187.75","189.11","187.40","26.56M","0.95%"
"09/27/2019","187.03","189.70","189.83","185.75","40.80M","-1.24%"
"09/26/2019","189.38","189.87","190.00","187.98","27.03M","-0.37%"
"09/25/2019","190.08","187.79","190.58","186.21","36.50M","1.12%"
"09/24/2019","187.97","191.37","191.79","187.15","41.10M","-1.33%"
"09/23/2019","190.50","190.36","191.07","189.72","22.92M","-0.16%"
"09/20/2019","190.80","193.11","193.31","190.16","30.13M","-1.06%"
"09/19/2019","192.84","192.86","194.03","192.47","26.21M","0.17%"
"09/18/2019","192.52","192.20","192.60","190.11","31.17M","-0.04%"
"09/17/2019","192.60","191.70","192.60","191.29","21.11M","0.48%"
"09/16/2019","191.68","191.30","192.08","191.11","20.32M","-0.45%"
"09/13/2019","192.54","192.95","193.40","192.29","27.67M","-0.36%"
"09/12/2019","193.23","193.64","194.71","192.97","28.69M","0.42%"
"09/11/2019","192.43","190.98","192.53","190.56","25.06M","0.94%"
"09/10/2019","190.64","190.19","190.74","188.91","23.74M","-0.29%"
"09/09/2019","191.19","192.18","192.27","190.22","24.41M","-0.21%"
"09/06/2019","191.59","192.03","192.17","191.17","19.49M","-0.10%"
"09/05/2019","191.78","190.39","192.32","190.34","34.06M","1.83%"
"09/04/2019","188.33","187.43","188.49","186.90","21.68M","1.44%"
"09/03/2019","185.65","186.26","187.18","185.03","28.03M","-0.97%"
"08/30/2019","187.47","188.94","188.97","186.41","26.33M","-0.24%"
"08/29/2019","187.92","187.37","188.46","186.68","25.43M","1.53%"
"08/28/2019","185.09","183.84","185.40","182.91","21.85M","0.36%"
"08/27/2019","184.43","186.08","186.42","183.71","28.08M","-0.21%"
"08/26/2019","184.82","184.19","184.87","183.08","27.69M","1.51%"
"08/23/2019","182.07","186.76","188.45","181.56","55.44M","-3.16%"
"08/22/2019","188.02","188.98","189.46","186.54","24.27M","-0.32%"
"08/21/2019","188.63","188.66","189.23","187.96","20.75M","0.89%"
"08/20/2019","186.97","188.00","188.63","186.92","19.94M","-0.77%"
"08/19/2019","188.43","188.03","188.83","187.50","22.57M","1.59%"
"08/16/2019","185.48","184.11","185.95","184.10","34.79M","1.61%"
"08/15/2019","182.55","183.11","183.59","181.16","36.85M","-0.11%"
"08/14/2019","182.76","185.31","185.95","182.42","51.00M","-2.99%"
"08/13/2019","188.39","184.27","189.68","184.02","40.47M","2.19%"
"08/12/2019","184.35","185.34","185.90","183.50","24.64M","-1.15%"
"08/09/2019","186.49","187.32","188.00","185.03","33.61M","-0.94%"
"08/08/2019","188.26","185.15","188.32","184.57","38.42M","2.18%"
"08/07/2019","184.25","181.32","184.51","179.89","49.99M","0.54%"
"08/06/2019","183.26","182.38","183.80","181.07","41.90M","1.40%"
"08/05/2019","180.73","183.51","183.51","179.20","75.04M","-3.53%"
"08/02/2019","187.35","188.82","188.99","186.21","55.21M","-1.47%"
"08/01/2019","190.15","191.51","194.98","189.23","63.25M","-0.50%"
"07/31/2019","191.10","194.31","194.43","189.32","41.63M","-1.38%"
"07/30/2019","193.78","193.16","194.54","192.99","18.71M","-0.43%"
"07/29/2019","194.62","195.18","195.18","193.39","20.45M","-0.34%"
"07/26/2019","195.29","194.52","195.55","194.43","20.43M","1.03%"
"07/25/2019","193.30","194.48","194.52","192.93","23.43M","-0.95%"
"07/24/2019","195.15","193.07","195.16","193.03","20.42M","0.70%"
"07/23/2019","193.79","193.58","193.81","192.29","23.79M","0.65%"
"07/22/2019","192.53","191.50","192.94","191.44","18.95M","0.80%"
"07/19/2019","191.01","193.82","193.83","190.81","29.39M","-0.73%"
"07/18/2019","192.42","191.30","192.79","190.69","29.07M","0.11%"
"07/17/2019","192.20","193.20","193.49","192.18","16.77M","-0.49%"
"07/16/2019","193.15","193.86","194.09","192.56","20.19M","-0.52%"
"07/15/2019","194.15","193.97","194.19","193.44","15.61M","0.32%"
"07/12/2019","193.53","192.63","193.54","192.45","20.21M","0.58%"
"07/11/2019","192.42","192.88","193.34","191.81","23.74M","-0.07%"
"07/10/2019","192.56","191.79","193.09","191.47","28.37M","1.00%"
"07/09/2019","190.66","188.79","190.90","188.65","19.19M","0.50%"
"07/08/2019","189.71","189.86","189.87","188.93","17.60M","-0.70%"
"07/05/2019","191.05","190.15","191.40","189.39","21.42M","-0.20%"
"07/03/2019","191.44","190.45","191.44","190.29","15.79M","0.75%"
"07/02/2019","190.01","189.19","190.03","188.66","18.04M","0.40%"
"07/01/2019","189.26","190.30","190.57","188.38","31.19M","1.35%"
"06/28/2019","186.74","186.95","187.15","186.07","21.18M","0.13%"
"06/27/2019","186.50","186.47","186.94","185.99","19.71M","0.38%"
"06/26/2019","185.79","186.13","187.33","185.49","22.60M","0.47%"
"06/25/2019","184.93","188.06","188.14","184.65","33.92M","-1.72%"
"06/24/2019","188.16","188.52","188.72","188.06","19.38M","-0.22%"
"06/21/2019","188.57","188.57","189.77","188.17","39.98M","-0.15%"
"06/20/2019","188.85","189.72","189.76","187.16","40.92M","0.93%"
"06/19/2019","187.11","186.73","187.53","185.57","31.67M","0.38%"
"06/18/2019","186.41","185.88","187.72","185.43","48.18M","1.45%"
"06/17/2019","183.74","183.01","184.25","182.84","20.38M","0.60%"
"06/14/2019","182.64","182.44","183.11","181.94","22.84M","-0.43%"
"06/13/2019","183.42","183.12","183.87","182.74","23.72M","0.59%"
"06/12/2019","182.34","182.88","183.28","182.00","27.76M","-0.58%"
"06/11/2019","183.40","185.07","185.40","182.78","41.26M","0.14%"
"06/10/2019","183.15","182.23","184.85","182.21","41.39M","1.17%"
"06/07/2019","181.04","178.50","181.77","178.33","45.89M","1.93%"
"06/06/2019","177.61","176.52","178.04","175.73","29.91M","0.79%"
"06/05/2019","176.21","176.60","176.61","174.38","34.41M","0.74%"
"06/04/2019","174.91","171.98","174.97","171.37","47.80M","2.82%"
"06/03/2019","170.12","173.52","173.95","169.27","75.84M","-2.20%"
"05/31/2019","173.95","174.71","175.29","173.87","45.45M","-1.60%"
"05/30/2019","176.77","176.54","177.27","175.77","30.35M","0.42%"
"05/29/2019","176.03","176.45","177.00","175.09","42.18M","-0.82%"
"05/28/2019","177.49","178.67","179.66","177.47","24.76M","-0.38%"
"05/24/2019","178.16","179.30","179.85","177.94","25.90M","-0.05%"
"05/23/2019","178.25","179.00","179.02","177.14","45.35M","-1.53%"
"05/22/2019","181.02","180.81","182.07","180.75","24.33M","-0.45%"
"05/21/2019","181.83","181.50","182.33","180.92","31.61M","1.04%"
"05/20/2019","179.95","180.51","181.18","179.34","38.61M","-1.69%"
"05/17/2019","183.04","183.10","185.58","182.88","44.70M","-1.02%"
"05/16/2019","184.93","183.11","186.07","182.95","39.28M","1.00%"
"05/15/2019","183.09","179.39","183.55","179.31","40.94M","1.41%"
"05/14/2019","180.54","179.51","181.63","178.86","43.36M","1.10%"
"05/13/2019","178.58","180.30","181.26","178.06","67.19M","-3.47%"
"05/10/2019","185.00","184.06","185.89","181.03","58.53M","0.12%"
"05/09/2019","184.77","183.76","185.41","182.09","55.35M","-0.54%"
"05/08/2019","185.77","185.68","187.17","184.96","37.17M","-0.25%"
"05/07/2019","186.24","187.86","188.67","184.51","58.82M","-1.95%"
"05/06/2019","189.94","187.10","190.20","186.76","38.37M","-0.61%"
"05/03/2019","191.11","189.69","191.25","189.33","30.39M","1.59%"
"05/02/2019","188.11","188.88","189.85","186.87","44.11M","-0.43%"
"05/01/2019","188.93","190.76","191.32","188.79","34.80M","-0.32%"
"04/30/2019","189.54","189.48","189.85","188.21","31.50M","-0.77%"
"04/29/2019","191.02","190.62","191.32","190.34","21.72M","0.19%"
"04/26/2019","190.65","190.20","190.69","188.59","26.36M","0.09%"
"04/25/2019","190.48","191.15","191.22","189.45","29.52M","0.41%"
"04/24/2019","189.71","190.44","190.71","189.65","24.98M","-0.32%"
"04/23/2019","190.31","188.37","190.54","188.13","33.67M","1.27%"
"04/22/2019","187.92","186.54","187.99","186.43","17.94M","0.28%"
"04/18/2019","187.39","187.48","187.79","186.29","28.58M","0.13%"
"04/17/2019","187.15","187.75","187.93","186.60","29.65M","0.35%"
"04/16/2019","186.50","186.51","186.91","185.93","27.20M","0.34%"
"04/15/2019","185.86","185.81","186.07","184.62","21.07M","0.02%"
"04/12/2019","185.83","185.86","185.95","185.06","24.99M","0.43%"
"04/11/2019","185.03","185.77","185.78","184.69","20.65M","-0.24%"
"04/10/2019","185.47","184.75","185.53","184.52","24.56M","0.54%"
"04/09/2019","184.48","184.50","185.11","184.09","25.63M","-0.35%"
"04/08/2019","185.13","184.37","185.28","183.63","22.70M","0.25%"
"04/05/2019","184.66","184.30","184.77","184.02","25.67M","0.52%"
"04/04/2019","183.71","183.81","184.50","182.65","28.53M","-0.04%"
"04/03/2019","183.78","183.74","184.92","183.21","31.63M","0.57%"
"04/02/2019","182.73","182.23","182.91","181.78","22.65M","0.38%"
"04/01/2019","182.04","181.42","182.26","180.77","30.97M","1.32%"
"03/29/2019","179.66","179.63","179.83","178.59","35.21M","0.76%"
"03/28/2019","178.31","178.36","178.98","177.24","30.37M","0.23%"
"03/27/2019","177.90","179.27","179.72","176.60","37.10M","-0.64%"
"03/26/2019","179.05","179.58","180.69","178.14","33.25M","0.47%"
"03/25/2019","178.22","177.92","178.84","176.93","46.34M","-0.19%"
"03/22/2019","178.56","181.76","182.27","178.37","70.79M","-2.20%"
"03/21/2019","182.57","179.24","182.83","179.20","42.43M","1.56%"
"03/20/2019","179.76","179.06","180.86","178.24","50.10M","0.40%"
"03/19/2019","179.05","179.16","180.00","178.29","36.89M","0.34%"
"03/18/2019","178.45","177.95","178.99","177.59","32.94M","0.06%"
"03/15/2019","178.35","177.43","178.88","177.28","38.19M","0.93%"
"03/14/2019","176.71","177.12","177.34","176.66","23.75M","-0.17%"
"03/13/2019","177.01","176.60","177.93","176.35","42.43M","0.75%"
"03/12/2019","175.69","175.17","176.14","174.77","33.95M","0.55%"
"03/11/2019","174.73","171.86","174.85","171.85","30.52M","2.08%"
"03/08/2019","171.17","169.51","171.26","169.34","39.30M","-0.15%"
"03/07/2019","171.43","173.09","173.18","170.79","39.41M","-1.23%"
"03/06/2019","173.56","174.68","174.75","173.28","27.19M","-0.57%"
"03/05/2019","174.55","174.52","175.09","173.69","22.32M","0.07%"
"03/04/2019","174.42","175.37","175.79","172.47","38.06M","0.02%"
"03/01/2019","174.39","174.41","174.65","173.18","31.43M","0.69%"
"02/28/2019","173.19","173.04","173.81","172.70","25.09M","-0.23%"
"02/27/2019","173.59","172.92","173.80","171.76","25.16M","-0.06%"
"02/26/2019","173.70","173.04","174.25","172.81","21.94M","0.10%"
"02/25/2019","173.52","174.20","174.66","173.40","32.61M","0.36%"
"02/22/2019","172.89","171.98","173.01","171.90","27.74M","0.74%"
"02/21/2019","171.62","171.77","172.26","170.71","25.21M","-0.37%"
"02/20/2019","172.25","172.43","173.08","171.32","32.59M","-0.02%"
"02/19/2019","172.28","171.39","172.80","171.38","19.49M","0.20%"
"02/15/2019","171.94","172.51","172.56","171.14","32.52M","0.42%"
"02/14/2019","171.22","170.38","171.83","169.83","30.33M","0.12%"
"02/13/2019","171.01","171.62","172.16","170.82","26.09M","0.07%"
"02/12/2019","170.89","169.59","171.14","169.33","29.72M","1.48%"
"02/11/2019","168.40","169.14","169.58","167.98","21.43M","-0.09%"
"02/08/2019","168.56","166.73","168.59","166.57","29.02M","0.20%"
"02/07/2019","168.23","169.03","169.45","166.95","42.04M","-1.34%"
"02/06/2019","170.52","171.06","171.37","169.75","27.97M","-0.30%"
"02/05/2019","171.03","169.75","171.23","169.69","28.16M","0.88%"
"02/04/2019","169.53","167.51","169.53","167.33","26.72M","1.24%"
"02/01/2019","167.45","167.37","168.60","166.99","32.14M","-0.42%"
"01/31/2019","168.16","166.65","168.99","166.47","37.26M","1.50%"
"01/30/2019","165.68","163.39","166.28","162.89","41.35M","2.54%"
"01/29/2019","161.57","163.20","163.24","160.99","30.78M","-0.94%"
"01/28/2019","163.11","163.03","163.12","161.75","33.49M","-1.24%"
"01/25/2019","165.15","164.48","165.65","163.95","36.47M","1.19%"
"01/24/2019","163.20","162.66","163.44","162.06","32.41M","0.65%"
"01/23/2019","162.15","162.77","163.51","160.32","38.11M","0.13%"
"01/22/2019","161.94","164.05","164.14","160.76","56.71M","-2.00%"
"01/18/2019","165.25","164.84","166.02","163.82","57.18M","0.99%"
"01/17/2019","163.63","161.84","164.36","161.57","39.33M","0.79%"
"01/16/2019","162.35","162.63","163.78","162.29","33.81M","-0.02%"
"01/15/2019","162.38","159.97","162.60","159.91","40.87M","1.95%"
"01/14/2019","159.27","159.32","159.96","158.59","30.71M","-0.88%"
"01/11/2019","160.69","160.32","160.86","159.79","30.18M","-0.37%"
"01/10/2019","161.28","159.59","161.37","158.70","38.94M","0.29%"
"01/09/2019","160.82","160.15","161.52","159.47","46.49M","0.81%"
"01/08/2019","159.52","159.56","160.11","157.20","49.39M","0.90%"
"01/07/2019","158.09","156.54","158.86","156.11","52.06M","1.19%"
"01/04/2019","156.23","152.18","157.00","151.74","74.71M","4.28%"
"01/03/2019","149.82","152.60","153.26","149.49","74.82M","-3.27%"
"01/02/2019","154.88","150.99","155.75","150.88","58.58M","0.40%"
"12/31/2018","154.26","154.47","154.98","152.71","53.02M","0.84%"
"12/28/2018","152.97","154.01","155.59","151.72","77.86M","-0.05%"
"12/27/2018","153.05","150.57","153.18","147.08","85.82M","0.39%"
"12/26/2018","152.46","145.12","152.54","144.09","98.98M","6.24%"
"12/24/2018","143.50","146.14","147.98","143.46","56.16M","-2.76%"
"12/21/2018","147.57","153.06","154.09","146.72","141.13M","-3.10%"
"12/20/2018","152.29","154.16","155.87","150.39","99.00M","-1.45%"
"12/19/2018","154.53","158.24","160.72","153.34","81.86M","-2.46%"
"12/18/2018","158.42","158.67","159.95","157.04","63.64M","0.63%"
"12/17/2018","157.43","160.41","161.67","156.17","74.83M","-2.27%"
"12/14/2018","161.08","163.19","163.81","160.70","56.55M","-2.43%"
"12/13/2018","165.10","166.06","166.82","164.03","46.38M","0.03%"
"12/12/2018","165.05","166.06","167.60","164.96","53.78M","0.88%"
"12/11/2018","163.61","165.66","165.77","162.23","59.06M","0.33%"
"12/10/2018","163.07","161.11","163.78","159.41","73.96M","1.05%"
"12/07/2018","161.38","166.13","167.12","160.86","80.43M","-3.30%"
"12/06/2018","166.89","162.46","166.91","161.77","71.72M","0.71%"
"12/04/2018","165.72","171.38","171.91","165.52","70.59M","-3.84%"
"12/03/2018","172.33","173.10","173.31","169.51","50.77M","1.75%"
"11/30/2018","169.37","168.38","169.47","167.54","36.72M","0.73%"
"11/29/2018","168.15","168.00","169.26","166.82","44.89M","-0.33%"
"11/28/2018","168.70","164.62","168.70","163.47","70.14M","3.22%"
"11/27/2018","163.44","162.00","163.85","161.18","36.61M","0.34%"
"11/26/2018","162.89","161.44","162.97","160.76","42.01M","2.31%"
"11/23/2018","159.21","159.09","160.84","159.09","23.50M","-0.72%"
"11/21/2018","160.37","161.29","161.97","159.23","42.97M","0.76%"
"11/20/2018","159.16","158.37","161.38","157.13","102.65M","-1.79%"
"11/19/2018","162.06","166.74","166.90","161.54","67.28M","-3.25%"
"11/16/2018","167.50","166.49","168.31","165.78","65.39M","-0.35%"
"11/15/2018","168.09","164.84","168.54","163.46","73.25M","1.75%"
"11/14/2018","165.20","168.09","168.70","164.25","75.27M","-0.76%"
"11/13/2018","166.47","167.15","169.48","166.00","64.13M","0.08%"
"11/12/2018","166.33","170.33","170.64","166.18","62.58M","-3.03%"
"11/09/2018","171.52","172.83","173.25","170.16","50.60M","-1.69%"
"11/08/2018","174.46","174.76","175.30","173.63","40.30M","-0.64%"
"11/07/2018","175.58","172.25","175.58","171.87","51.17M","3.14%"
"11/06/2018","170.24","168.93","171.19","168.72","34.41M","0.76%"
"11/05/2018","168.96","169.61","169.66","167.08","39.57M","-0.25%"
"11/02/2018","169.38","171.53","172.55","168.22","75.97M","-1.56%"
"11/01/2018","172.06","170.08","172.24","168.78","52.71M","1.32%"
"10/31/2018","169.82","168.55","171.25","168.54","73.83M","2.35%"
"10/30/2018","165.92","162.80","166.03","162.01","92.58M","1.65%"
"10/29/2018","163.23","169.16","169.86","160.09","111.87M","-2.06%"
"10/26/2018","166.66","165.24","169.96","164.23","130.97M","-2.57%"
"10/25/2018","171.06","167.99","172.08","167.16","83.48M","3.46%"
"10/24/2018","165.34","173.12","173.36","165.04","103.00M","-4.58%"
"10/23/2018","173.27","170.79","174.13","168.82","77.57M","-0.37%"
"10/22/2018","173.91","174.06","175.25","172.59","52.91M","0.51%"
"10/19/2018","173.02","174.39","176.07","172.39","82.92M","-0.09%"
"10/18/2018","173.18","176.60","176.68","172.44","82.49M","-2.32%"
"10/17/2018","177.29","178.14","178.26","175.47","66.99M","0.04%"
"10/16/2018","177.22","174.02","177.65","173.70","71.98M","2.91%"
"10/15/2018","172.21","173.69","174.04","171.56","64.89M","-1.21%"
"10/12/2018","174.32","173.99","174.86","170.93","102.08M","2.78%"
"10/11/2018","169.60","171.04","173.40","167.81","143.08M","-1.24%"
"10/10/2018","171.73","178.53","178.62","171.50","114.47M","-4.40%"
"10/09/2018","179.63","179.20","181.02","178.75","49.10M","0.32%"
"10/08/2018","179.05","179.37","180.64","176.93","66.86M","-0.61%"
"10/05/2018","180.15","182.39","182.97","178.43","83.33M","-1.22%"
"10/04/2018","182.38","185.22","185.32","181.06","80.56M","-1.92%"
"10/03/2018","185.95","186.52","186.97","185.66","29.13M","0.11%"
"10/02/2018","185.75","185.95","187.18","185.32","25.62M","-0.23%"
"10/01/2018","186.17","186.82","187.53","185.70","27.37M","0.20%"
"09/28/2018","185.79","185.25","186.28","184.97","28.08M","-0.02%"
"09/27/2018","185.83","185.04","186.49","184.92","33.11M","0.85%"
"09/26/2018","184.27","184.25","185.99","183.91","36.21M","0.07%"
"09/25/2018","184.14","183.78","184.28","183.18","25.28M","0.14%"
"09/24/2018","183.89","182.05","183.96","181.30","34.95M","0.10%"
"09/21/2018","183.71","185.27","185.48","183.48","38.61M","-0.55%"
"09/20/2018","184.72","183.95","184.97","183.52","33.30M","1.11%"
"09/19/2018","182.70","182.86","183.30","181.51","31.84M","-0.08%"
"09/18/2018","182.84","181.52","183.73","181.40","31.88M","0.83%"
"09/17/2018","181.34","183.66","183.81","181.17","33.07M","-1.44%"
"09/14/2018","183.99","184.66","184.94","183.26","31.22M","-0.29%"
"09/13/2018","184.53","183.67","184.88","183.64","31.13M","1.07%"
"09/12/2018","182.58","182.87","182.98","181.01","36.20M","-0.29%"
"09/11/2018","183.12","180.97","183.42","180.52","30.12M","0.77%"
"09/10/2018","181.72","182.12","182.25","180.72","26.13M","0.34%"
"09/07/2018","181.11","180.53","182.67","180.44","46.63M","-0.39%"
"09/06/2018","181.81","183.54","183.75","180.58","46.09M","-0.89%"
"09/05/2018","183.45","185.55","185.55","182.82","42.62M","-1.29%"
"09/04/2018","185.85","186.10","186.40","184.85","29.06M","-0.43%"
"08/31/2018","186.65","186.18","187.18","185.98","28.65M","0.13%"
"08/30/2018","186.41","186.41","187.52","185.79","29.32M","-0.18%"
"08/29/2018","186.74","184.91","186.84","184.86","29.18M","1.15%"
"08/28/2018","184.61","184.80","185.02","184.22","20.28M","0.15%"
"08/27/2018","184.34","183.43","184.34","183.11","29.34M","1.02%"
"08/24/2018","182.48","181.40","182.63","181.36","23.14M","0.93%"
"08/23/2018","180.80","180.77","182.04","180.50","25.78M","-0.14%"
"08/22/2018","181.06","179.96","181.27","179.75","18.04M","0.39%"
"08/21/2018","180.36","180.26","181.44","180.13","26.26M","0.37%"
"08/20/2018","179.70","180.28","180.33","179.00","24.94M","-0.09%"
"08/17/2018","179.86","179.36","180.31","178.27","36.09M","0.02%"
"08/16/2018","179.82","180.57","180.99","179.47","27.71M","0.33%"
"08/15/2018","179.23","180.09","180.58","178.12","58.53M","-1.22%"
"08/14/2018","181.45","181.01","181.66","180.04","20.91M","0.63%"
"08/13/2018","180.32","180.85","182.01","180.24","26.09M","-0.11%"
"08/10/2018","180.52","180.68","181.22","179.84","33.82M","-0.76%"
"08/09/2018","181.91","181.94","182.63","181.64","18.85M","-0.06%"
"08/08/2018","182.02","181.55","182.35","181.06","22.68M","0.12%"
"08/07/2018","181.80","181.63","182.14","181.26","29.90M","0.36%"
"08/06/2018","181.14","179.97","181.19","179.74","24.81M","0.59%"
"08/03/2018","180.08","179.80","180.09","179.08","28.93M","0.31%"
"08/02/2018","179.53","175.87","179.74","175.79","47.18M","1.36%"
"08/01/2018","177.12","176.87","177.65","176.10","37.10M","0.38%"
"07/31/2018","176.45","175.75","177.13","174.82","47.29M","0.77%"
"07/30/2018","175.11","177.66","177.73","174.27","60.19M","-1.41%"
"07/27/2018","177.62","181.26","181.31","176.60","59.46M","-1.35%"
"07/26/2018","180.05","180.35","180.92","179.81","40.87M","-1.52%"
"07/25/2018","182.82","180.36","182.93","180.29","36.02M","1.40%"
"07/24/2018","180.30","181.39","182.05","179.56","36.90M","0.41%"
"07/23/2018","179.56","178.45","179.64","177.74","22.18M","0.32%"
"07/20/2018","178.99","179.57","180.17","178.79","35.91M","-0.02%"
"07/19/2018","179.03","179.34","179.88","178.82","31.09M","-0.50%"
"07/18/2018","179.93","180.28","180.44","179.38","23.22M","-0.19%"
"07/17/2018","180.27","177.30","180.65","177.28","31.03M","0.61%"
"07/16/2018","179.18","179.64","179.95","178.88","21.41M","-0.24%"
"07/13/2018","179.61","179.42","179.90","178.95","28.07M","0.08%"
"07/12/2018","179.46","177.21","179.46","177.08","27.93M","1.72%"
"07/11/2018","176.42","175.96","177.07","175.80","30.28M","-0.51%"
"07/10/2018","177.32","177.41","177.72","176.71","23.90M","0.07%"
"07/09/2018","177.19","176.49","177.23","175.82","27.36M","0.90%"
"07/06/2018","175.61","173.31","175.74","173.00","37.01M","1.56%"
"07/05/2018","172.92","171.91","173.06","171.03","31.63M","1.24%"
"07/03/2018","170.80","173.41","173.45","170.63","25.51M","-1.16%"
"07/02/2018","172.80","170.04","172.85","169.67","31.77M","0.67%"
"06/29/2018","171.65","172.00","172.92","171.40","36.41M","0.27%"
"06/28/2018","171.19","169.52","171.77","169.17","46.41M","0.86%"
"06/27/2018","169.73","172.77","173.58","169.61","52.84M","-1.36%"
"06/26/2018","172.07","171.99","173.06","171.37","39.01M","0.41%"
"06/25/2018","171.37","173.76","173.99","169.81","77.80M","-2.25%"
"06/22/2018","175.32","176.31","176.37","174.69","30.07M","-0.22%"
"06/21/2018","175.71","177.69","177.88","175.37","43.47M","-0.87%"
"06/20/2018","177.25","176.79","177.98","176.65","33.04M","0.71%"
"06/19/2018","176.00","174.26","176.04","173.71","38.24M","-0.28%"
"06/18/2018","176.50","175.53","176.65","174.94","31.63M","-0.27%"
"06/15/2018","176.98","176.98","177.32","176.11","49.62M","-0.35%"
"06/14/2018","177.60","176.62","177.89","176.50","35.92M","1.01%"
"06/13/2018","175.82","176.09","177.14","175.43","37.86M","-0.01%"
"06/12/2018","175.83","175.15","176.00","174.96","22.51M","0.53%"
"06/11/2018","174.91","174.30","175.34","174.28","22.32M","0.27%"
"06/08/2018","174.44","173.57","174.88","173.18","31.78M","0.01%"
"06/07/2018","174.43","175.91","175.93","173.55","39.60M","-0.81%"
"06/06/2018","175.86","175.02","175.89","174.14","25.04M","0.58%"
"06/05/2018","174.84","174.69","175.13","174.06","24.78M","0.31%"
"06/04/2018","174.30","173.16","174.34","173.07","20.46M","0.90%"
"06/01/2018","172.74","170.88","172.84","170.87","45.54M","1.57%"
"05/31/2018","170.07","170.13","171.20","169.63","35.67M","-0.06%"
"05/30/2018","170.18","169.63","170.48","169.22","22.67M","0.72%"
"05/29/2018","168.97","168.91","169.92","167.96","41.22M","-0.44%"
"05/25/2018","169.72","169.54","170.33","169.21","27.46M","0.10%"
"05/24/2018","169.55","169.56","169.85","167.84","27.70M","-0.03%"
"05/23/2018","169.60","166.90","169.62","166.88","26.56M","0.84%"
"05/22/2018","168.18","169.15","169.45","167.88","19.48M","-0.13%"
"05/21/2018","168.40","168.73","169.50","167.68","22.95M","0.56%"
"05/18/2018","167.46","167.71","168.26","167.21","26.22M","-0.52%"
"05/17/2018","168.33","168.40","169.61","167.51","27.48M","-0.38%"
"05/16/2018","168.98","168.10","169.37","168.01","22.94M","0.66%"
"05/15/2018","167.87","168.40","168.50","166.98","49.36M","-1.11%"
"05/14/2018","169.75","169.84","170.82","169.47","21.82M","0.17%"
"05/11/2018","169.46","169.35","169.86","168.72","24.69M","-0.09%"
"05/10/2018","169.62","168.43","169.74","168.29","27.07M","1.04%"
"05/09/2018","167.88","166.40","168.00","165.78","29.12M","1.09%"
"05/08/2018","166.07","165.83","166.43","164.86","26.04M","-0.10%"
"05/07/2018","166.24","165.64","166.78","165.51","32.50M","0.83%"
"05/04/2018","164.87","161.11","165.25","160.98","41.54M","1.90%"
"05/03/2018","161.80","161.08","162.40","159.22","60.34M","-0.01%"
"05/02/2018","161.82","163.10","163.57","161.63","38.65M","-0.59%"
"05/01/2018","162.78","160.52","162.80","160.14","36.51M","1.14%"
"04/30/2018","160.94","162.48","163.48","160.54","35.62M","-0.71%"
"04/27/2018","162.09","164.35","164.41","161.17","51.04M","0.06%"
"04/26/2018","161.99","160.72","162.53","160.18","43.01M","2.11%"
"04/25/2018","158.65","158.80","159.31","156.47","52.09M","0.12%"
"04/24/2018","158.46","162.62","162.91","157.39","70.26M","-2.12%"
"04/23/2018","161.89","163.08","163.73","161.02","33.04M","-0.25%"
"04/20/2018","162.30","164.49","164.61","161.73","49.20M","-1.58%"
"04/19/2018","164.91","165.65","165.99","164.34","34.71M","-0.92%"
"04/18/2018","166.44","166.12","167.00","165.31","29.57M","0.20%"
"04/17/2018","166.10","164.19","166.46","163.91","35.54M","2.15%"
"04/16/2018","162.60","162.45","163.19","161.48","28.18M","0.76%"
"04/13/2018","161.37","163.01","163.26","160.67","44.60M","-0.52%"
"04/12/2018","162.21","161.30","162.77","161.16","30.47M","1.20%"
"04/11/2018","160.28","160.20","162.00","160.10","41.62M","-0.58%"
"04/10/2018","161.21","160.13","161.73","159.07","48.60M","2.21%"
"04/09/2018","157.73","158.01","160.88","157.46","41.81M","0.70%"
"04/06/2018","156.63","158.94","160.46","155.88","59.87M","-2.50%"
"04/05/2018","160.65","161.33","161.58","159.48","43.05M","0.57%"
"04/04/2018","159.74","154.27","160.23","154.04","65.77M","1.58%"
"04/03/2018","157.26","156.92","157.92","154.44","64.09M","1.13%"
"04/02/2018","155.51","159.00","159.74","153.88","85.55M","-2.89%"
"03/29/2018","160.13","158.13","161.71","156.63","68.69M","1.83%"
"03/28/2018","157.25","158.25","159.78","156.04","89.37M","-1.15%"
"03/27/2018","159.08","165.60","165.62","157.68","78.89M","-3.24%"
"03/26/2018","164.40","161.68","164.60","159.16","57.48M","3.72%"
"03/23/2018","158.51","162.60","163.30","158.43","80.11M","-2.64%"
"03/22/2018","162.80","164.70","165.77","162.59","66.61M","-2.47%"
"03/21/2018","166.92","167.23","168.76","166.19","43.86M","-0.44%"
"03/20/2018","167.65","167.10","168.04","166.61","34.08M","0.33%"
"03/19/2018","167.10","169.16","169.22","165.64","71.40M","-2.29%"
"03/16/2018","171.02","171.78","172.20","170.94","31.18M","-0.30%"
"03/15/2018","171.53","171.83","172.53","170.90","28.81M","-0.09%"
"03/14/2018","171.68","172.58","172.74","170.93","40.54M","-0.02%"
"03/13/2018","171.71","174.80","175.21","171.27","55.64M","-1.36%"
"03/12/2018","174.08","173.65","174.48","173.28","37.63M","0.53%"
"03/09/2018","173.16","171.10","173.16","170.82","38.31M","1.94%"
"03/08/2018","169.86","169.54","169.98","168.95","25.83M","0.55%"
"03/07/2018","168.93","167.26","169.07","166.96","34.61M","0.23%"
"03/06/2018","168.54","168.61","169.11","167.48","29.48M","0.42%"
"03/05/2018","167.83","165.26","168.26","164.59","38.54M","1.11%"
"03/02/2018","165.99","162.59","166.28","161.96","57.45M","0.92%"
"03/01/2018","164.48","167.29","168.07","163.00","76.81M","-1.63%"
"02/28/2018","167.21","169.25","169.80","167.10","42.94M","-0.64%"
"02/27/2018","168.29","170.42","170.73","168.21","42.21M","-1.24%"
"02/26/2018","170.40","168.93","170.40","168.82","39.27M","1.33%"
"02/23/2018","168.17","166.06","168.17","165.45","50.10M","2.04%"
"02/22/2018","164.80","165.54","166.42","164.38","37.07M","-0.01%"
"02/21/2018","164.82","166.06","167.72","164.72","41.16M","-0.28%"
"02/20/2018","165.29","164.39","166.68","164.31","36.79M","0.20%"
"02/16/2018","164.96","165.18","166.75","164.68","62.26M","-0.45%"
"02/15/2018","165.70","164.14","165.70","162.44","51.63M","1.86%"
"02/14/2018","162.68","158.79","162.93","158.00","52.11M","1.87%"
"02/13/2018","159.69","157.98","160.01","157.72","31.79M","0.52%"
"02/12/2018","158.87","157.67","159.95","156.46","63.05M","1.77%"
"02/09/2018","156.10","155.66","157.24","150.12","113.84M","1.73%"
"02/08/2018","153.45","160.69","160.80","153.45","94.18M","-4.22%"
"02/07/2018","160.21","161.79","163.55","160.20","91.03M","-1.29%"
"02/06/2018","162.31","155.96","162.51","155.10","118.54M","2.65%"
"02/05/2018","158.12","163.13","165.75","158.00","105.37M","-3.94%"
"02/02/2018","164.61","167.34","167.70","164.47","68.48M","-1.99%"
"02/01/2018","167.96","168.12","169.73","167.42","38.04M","-0.85%"
"01/31/2018","169.40","169.67","169.99","168.34","42.45M","0.41%"
"01/30/2018","168.70","168.55","169.42","167.82","44.99M","-0.82%"
"01/29/2018","170.10","170.52","170.91","169.74","37.28M","-0.49%"
"01/26/2018","170.93","169.27","170.95","168.96","32.04M","1.53%"
"01/25/2018","168.35","169.55","169.63","167.81","28.92M","-0.04%"
"01/24/2018","168.41","169.81","170.24","167.44","54.29M","-0.65%"
"01/23/2018","169.51","168.64","169.66","168.56","37.99M","0.83%"
"01/22/2018","168.12","166.27","168.12","166.09","26.08M","1.07%"
"01/19/2018","166.34","166.32","166.61","165.53","38.94M","0.31%"
"01/18/2018","165.82","165.55","166.20","165.13","26.43M","0.02%"
"01/17/2018","165.79","164.77","166.04","164.00","33.85M","1.08%"
"01/16/2018","164.02","165.55","166.41","163.53","41.23M","-0.29%"
"01/12/2018","164.49","163.03","164.66","162.94","37.76M","0.73%"
"01/11/2018","163.29","162.48","163.30","162.21","20.47M","0.68%"
"01/10/2018","162.18","161.80","162.21","161.12","34.00M","-0.23%"
"01/09/2018","162.56","162.85","163.04","162.07","24.78M","0.01%"
"01/08/2018","162.55","161.90","162.63","161.86","23.16M","0.39%"
"01/05/2018","161.92","161.04","162.03","160.77","26.99M","1.00%"
"01/04/2018","160.31","160.59","160.79","160.08","24.78M","0.17%"
"01/03/2018","160.03","158.61","160.17","158.61","29.38M","0.97%"
"01/02/2018","158.49","156.50","158.53","156.17","32.57M","1.75%"