"날짜","종가","시가","고가","저가","변동 %"
"2023- 05- 25","3.588","3.527","3.615","3.505","2.51%"
"2023- 05- 24","3.500","3.474","3.500","3.440","0.92%"
"2023- 05- 23","3.468","3.411","3.469","3.409","2.03%"
"2023- 05- 22","3.399","3.423","3.423","3.379","-0.47%"
"2023- 05- 21","3.415","3.415","3.415","3.415","0.00%"
"2023- 05- 20","3.415","3.415","3.415","3.415","-0.15%"
"2023- 05- 19","3.420","3.426","3.442","3.418","1.54%"
"2023- 05- 18","3.368","3.352","3.383","3.332","1.51%"
"2023- 05- 17","3.318","3.327","3.344","3.309","0.39%"
"2023- 05- 16","3.305","3.344","3.349","3.302","-0.81%"
"2023- 05- 15","3.332","3.321","3.335","3.304","1.52%"
"2023- 05- 14","3.282","3.282","3.282","3.282","0.00%"
"2023- 05- 13","3.282","3.282","3.282","3.282","0.34%"
"2023- 05- 12","3.271","3.281","3.281","3.243","-0.55%"
"2023- 05- 11","3.289","3.301","3.310","3.283","-1.64%"
"2023- 05- 10","3.344","3.330","3.348","3.318","1.06%"
"2023- 05- 09","3.309","3.336","3.361","3.307","0.03%"
"2023- 05- 08","3.308","3.309","3.315","3.291","0.95%"
"2023- 05- 07","3.277","3.277","3.277","3.277","0.00%"
"2023- 05- 06","3.277","3.277","3.277","3.277","0.00%"
"2023- 05- 05","3.277","3.277","3.277","3.277","-0.09%"
"2023- 05- 04","3.280","3.264","3.300","3.264","-1.47%"
"2023- 05- 03","3.329","3.340","3.345","3.313","-1.28%"
"2023- 05- 02","3.372","3.396","3.409","3.372","0.15%"
"2023- 05- 01","3.367","3.367","3.367","3.367","0.00%"
"2023- 04- 30","3.367","3.367","3.367","3.367","0.00%"
"2023- 04- 29","3.367","3.367","3.367","3.367","0.36%"
"2023- 04- 28","3.355","3.400","3.417","3.355","0.42%"
"2023- 04- 27","3.341","3.307","3.344","3.297","0.97%"
"2023- 04- 26","3.309","3.274","3.310","3.262","-0.39%"
"2023- 04- 25","3.322","3.275","3.327","3.275","0.48%"
"2023- 04- 24","3.306","3.300","3.347","3.300","-0.36%"
"2023- 04- 23","3.318","3.318","3.318","3.318","0.00%"
"2023- 04- 22","3.318","3.318","3.318","3.318","-0.81%"
"2023- 04- 21","3.345","3.411","3.411","3.335","-2.11%"
"2023- 04- 20","3.417","3.383","3.457","3.383","1.39%"
"2023- 04- 19","3.370","3.377","3.391","3.335","0.54%"
"2023- 04- 18","3.352","3.382","3.399","3.345","0.12%"
"2023- 04- 17","3.348","3.345","3.354","3.314","1.76%"
"2023- 04- 16","3.290","3.290","3.290","3.290","0.00%"
"2023- 04- 15","3.290","3.290","3.290","3.290","0.18%"
"2023- 04- 14","3.284","3.308","3.324","3.268","0.52%"
"2023- 04- 13","3.267","3.257","3.305","3.257","0.28%"
"2023- 04- 12","3.258","3.245","3.280","3.245","-0.15%"
"2023- 04- 11","3.263","3.230","3.274","3.200","0.59%"
"2023- 04- 10","3.244","3.313","3.331","3.240","-1.46%"
"2023- 04- 09","3.292","3.292","3.292","3.292","0.00%"
"2023- 04- 08","3.292","3.292","3.292","3.292","0.12%"
"2023- 04- 07","3.288","3.272","3.326","3.271","0.31%"
"2023- 04- 06","3.278","3.295","3.315","3.249","-1.47%"
"2023- 04- 05","3.327","3.268","3.327","3.268","0.33%"
"2023- 04- 04","3.316","3.326","3.336","3.302","-2.24%"
"2023- 04- 03","3.392","3.350","3.398","3.348","0.95%"
"2023- 04- 02","3.360","3.360","3.360","3.360","0.00%"
"2023- 04- 01","3.360","3.360","3.360","3.360","0.81%"
"2023- 03- 31","3.333","3.340","3.350","3.309","0.91%"
"2023- 03- 30","3.303","3.283","3.342","3.270","0.49%"
"2023- 03- 29","3.287","3.291","3.342","3.270","0.18%"
"2023- 03- 28","3.281","3.279","3.290","3.244","0.74%"
"2023- 03- 27","3.257","3.209","3.278","3.161","1.09%"
"2023- 03- 26","3.222","3.222","3.222","3.222","0.00%"
"2023- 03- 25","3.222","3.222","3.222","3.222","0.44%"
"2023- 03- 24","3.208","3.251","3.251","3.194","-1.66%"
"2023- 03- 23","3.262","3.270","3.311","3.253","-1.00%"
"2023- 03- 22","3.295","3.299","3.336","3.288","-0.27%"
"2023- 03- 21","3.304","3.334","3.339","3.238","-0.03%"
"2023- 03- 20","3.305","3.390","3.402","3.276","-2.94%"
"2023- 03- 19","3.405","3.405","3.405","3.405","0.00%"
"2023- 03- 18","3.405","3.405","3.405","3.405","-0.06%"
"2023- 03- 17","3.407","3.440","3.447","3.395","0.44%"
"2023- 03- 16","3.392","3.309","3.396","3.290","-0.76%"
"2023- 03- 15","3.418","3.386","3.436","3.367","3.48%"
"2023- 03- 14","3.303","3.301","3.378","3.228","-2.80%"
"2023- 03- 13","3.398","3.482","3.524","3.372","-5.14%"
"2023- 03- 12","3.582","3.582","3.582","3.582","0.00%"
"2023- 03- 11","3.582","3.582","3.582","3.582","-0.03%"
"2023- 03- 10","3.583","3.659","3.659","3.580","-4.25%"
"2023- 03- 09","3.742","3.707","3.767","3.698","0.51%"
"2023- 03- 08","3.723","3.701","3.734","3.695","1.67%"
"2023- 03- 07","3.662","3.720","3.738","3.660","-2.11%"
"2023- 03- 06","3.741","3.722","3.758","3.681","-0.82%"
"2023- 03- 05","3.772","3.772","3.772","3.772","0.00%"
"2023- 03- 04","3.772","3.772","3.772","3.772","-0.13%"
"2023- 03- 03","3.777","3.882","3.895","3.775","-1.64%"
"2023- 03- 02","3.840","3.760","3.859","3.760","2.13%"
"2023- 03- 01","3.760","3.760","3.760","3.760","0.24%"
"2023- 02- 28","3.751","3.625","3.773","3.625","3.96%"
"2023- 02- 27","3.608","3.579","3.627","3.575","2.50%"
"2023- 02- 26","3.520","3.520","3.520","3.520","0.00%"
"2023- 02- 25","3.520","3.520","3.520","3.520","-0.40%"
"2023- 02- 24","3.534","3.570","3.582","3.534","-1.51%"
"2023- 02- 23","3.588","3.641","3.676","3.588","-1.59%"
"2023- 02- 22","3.646","3.689","3.695","3.631","1.28%"
"2023- 02- 21","3.600","3.628","3.672","3.597","-0.58%"
"2023- 02- 20","3.621","3.583","3.626","3.571","0.06%"
"2023- 02- 19","3.619","3.619","3.619","3.619","0.00%"
"2023- 02- 18","3.619","3.619","3.619","3.619","-0.22%"
"2023- 02- 17","3.627","3.550","3.666","3.550","4.34%"
"2023- 02- 16","3.476","3.498","3.535","3.413","0.40%"
"2023- 02- 15","3.462","3.421","3.468","3.417","1.88%"
"2023- 02- 14","3.398","3.399","3.423","3.376","-1.02%"
"2023- 02- 13","3.433","3.414","3.461","3.409","2.32%"
"2023- 02- 12","3.355","3.355","3.355","3.355","0.00%"
"2023- 02- 11","3.355","3.355","3.355","3.355","-0.39%"
"2023- 02- 10","3.368","3.391","3.404","3.345","0.18%"
"2023- 02- 09","3.362","3.313","3.376","3.313","1.20%"
"2023- 02- 08","3.322","3.292","3.347","3.290","0.58%"
"2023- 02- 07","3.303","3.360","3.360","3.295","0.67%"
"2023- 02- 06","3.281","3.296","3.310","3.273","3.99%"
"2023- 02- 05","3.155","3.155","3.155","3.155","0.00%"
"2023- 02- 04","3.155","3.155","3.155","3.155","0.22%"
"2023- 02- 03","3.148","3.230","3.230","3.128","-1.84%"
"2023- 02- 02","3.207","3.205","3.233","3.189","-0.99%"
"2023- 02- 01","3.239","3.273","3.275","3.233","-2.38%"
"2023- 01- 31","3.318","3.270","3.318","3.238","2.44%"
"2023- 01- 30","3.239","3.302","3.327","3.239","-1.46%"
"2023- 01- 29","3.287","3.287","3.287","3.287","0.00%"
"2023- 01- 28","3.287","3.287","3.287","3.287","0.12%"
"2023- 01- 27","3.283","3.272","3.299","3.266","1.61%"
"2023- 01- 26","3.231","3.214","3.247","3.214","0.03%"
"2023- 01- 25","3.230","3.279","3.285","3.223","-1.28%"
"2023- 01- 24","3.272","3.272","3.272","3.272","0.00%"
"2023- 01- 23","3.272","3.272","3.272","3.272","0.00%"
"2023- 01- 22","3.272","3.272","3.272","3.272","0.00%"
"2023- 01- 21","3.272","3.272","3.272","3.272","-0.24%"
"2023- 01- 20","3.280","3.274","3.289","3.253","2.09%"
"2023- 01- 19","3.213","3.260","3.276","3.190","-3.89%"
"2023- 01- 18","3.343","3.421","3.444","3.317","-2.93%"
"2023- 01- 17","3.444","3.352","3.444","3.335","1.74%"
"2023- 01- 16","3.385","3.340","3.385","3.314","2.73%"
"2023- 01- 15","3.295","3.295","3.295","3.295","0.00%"
"2023- 01- 14","3.295","3.295","3.295","3.295","-0.18%"
"2023- 01- 13","3.301","3.347","3.378","3.270","-3.28%"
"2023- 01- 12","3.413","3.398","3.421","3.342","-0.41%"
"2023- 01- 11","3.427","3.471","3.471","3.427","-1.01%"
"2023- 01- 10","3.462","3.468","3.485","3.438","-0.46%"
"2023- 01- 09","3.478","3.470","3.492","3.453","-2.71%"
"2023- 01- 08","3.575","3.575","3.575","3.575","0.00%"
"2023- 01- 07","3.575","3.575","3.575","3.575","0.06%"
"2023- 01- 06","3.573","3.579","3.592","3.554","0.08%"
"2023- 01- 05","3.570","3.583","3.606","3.558","-0.78%"
"2023- 01- 04","3.598","3.659","3.659","3.585","-1.72%"
"2023- 01- 03","3.661","3.752","3.752","3.655","-3.99%"
"2023- 01- 02","3.813","3.794","3.831","3.788","2.09%"
"2023- 01- 01","3.735","3.735","3.735","3.735","0.00%"
"2022- 12- 31","3.735","3.735","3.735","3.735","0.00%"
"2022- 12- 30","3.735","3.735","3.735","3.735","0.32%"
"2022- 12- 29","3.723","3.729","3.761","3.723","1.31%"
"2022- 12- 28","3.675","3.707","3.739","3.669","1.74%"
"2022- 12- 27","3.612","3.620","3.640","3.595","-0.77%"
"2022- 12- 26","3.640","3.574","3.642","3.545","2.51%"
"2022- 12- 25","3.551","3.551","3.551","3.551","0.00%"
"2022- 12- 24","3.551","3.551","3.551","3.551","-0.03%"
"2022- 12- 23","3.552","3.508","3.561","3.503","1.51%"
"2022- 12- 22","3.499","3.545","3.554","3.494","-1.91%"
"2022- 12- 21","3.567","3.598","3.607","3.560","-0.47%"
"2022- 12- 20","3.584","3.458","3.601","3.435","5.72%"
"2022- 12- 19","3.390","3.358","3.402","3.358","1.19%"
"2022- 12- 18","3.350","3.350","3.350","3.350","0.00%"
"2022- 12- 17","3.350","3.350","3.350","3.350","-0.36%"
"2022- 12- 16","3.362","3.398","3.398","3.352","-1.09%"
"2022- 12- 15","3.399","3.426","3.440","3.395","-0.23%"
"2022- 12- 14","3.407","3.456","3.463","3.399","-1.79%"
"2022- 12- 13","3.469","3.460","3.474","3.450","0.58%"
"2022- 12- 12","3.449","3.507","3.511","3.440","0.12%"
"2022- 12- 11","3.445","3.445","3.445","3.445","0.00%"
"2022- 12- 10","3.445","3.445","3.445","3.445","0.00%"
"2022- 12- 09","3.445","3.523","3.527","3.445","-2.32%"
"2022- 12- 08","3.527","3.498","3.541","3.489","0.48%"
"2022- 12- 07","3.510","3.527","3.558","3.498","0.20%"
"2022- 12- 06","3.503","3.567","3.571","3.503","-1.71%"
"2022- 12- 05","3.564","3.574","3.597","3.550","-0.31%"
"2022- 12- 04","3.575","3.575","3.575","3.575","0.00%"
"2022- 12- 03","3.575","3.575","3.575","3.575","-0.28%"
"2022- 12- 02","3.585","3.619","3.625","3.576","-2.21%"
"2022- 12- 01","3.666","3.619","3.681","3.617","0.33%"
"2022- 11- 30","3.654","3.690","3.690","3.626","-0.49%"
"2022- 11- 29","3.672","3.615","3.686","3.615","1.72%"
"2022- 11- 28","3.610","3.629","3.640","3.594","-0.08%"
"2022- 11- 27","3.613","3.613","3.613","3.613","0.00%"
"2022- 11- 26","3.613","3.613","3.613","3.613","-0.28%"
"2022- 11- 25","3.623","3.640","3.673","3.597","0.00%"
"2022- 11- 24","3.623","3.700","3.706","3.619","-4.23%"
"2022- 11- 23","3.783","3.760","3.820","3.751","0.34%"
"2022- 11- 22","3.770","3.768","3.809","3.755","0.19%"
"2022- 11- 21","3.763","3.836","3.840","3.752","-0.87%"
"2022- 11- 20","3.796","3.796","3.796","3.796","0.00%"
"2022- 11- 19","3.796","3.796","3.796","3.796","-0.39%"
"2022- 11- 18","3.811","3.881","3.891","3.810","-1.12%"
"2022- 11- 17","3.854","3.800","3.863","3.794","-0.95%"
"2022- 11- 16","3.891","3.851","3.904","3.851","0.49%"
"2022- 11- 15","3.872","3.900","3.917","3.846","-1.40%"
"2022- 11- 14","3.927","3.916","3.936","3.883","0.69%"
"2022- 11- 13","3.900","3.900","3.900","3.900","0.00%"
"2022- 11- 12","3.900","3.900","3.900","3.900","0.23%"
"2022- 11- 11","3.891","3.884","3.912","3.839","-4.84%"
"2022- 11- 10","4.089","4.135","4.135","4.067","-1.90%"
"2022- 11- 09","4.168","4.193","4.197","4.128","-1.74%"
"2022- 11- 08","4.242","4.253","4.253","4.189","-0.61%"
"2022- 11- 07","4.268","4.210","4.276","4.210","1.86%"
"2022- 11- 06","4.190","4.190","4.190","4.190","0.00%"
"2022- 11- 05","4.190","4.190","4.190","4.190","0.29%"
"2022- 11- 04","4.178","4.190","4.209","4.148","-0.59%"
"2022- 11- 03","4.203","4.211","4.222","4.186","1.28%"
"2022- 11- 02","4.150","4.166","4.179","4.146","-0.50%"
"2022- 11- 01","4.171","4.243","4.244","4.129","-1.97%"
"2022- 10- 31","4.255","4.209","4.400","4.180","1.92%"
"2022- 10- 30","4.175","4.175","4.175","4.175","0.00%"
"2022- 10- 29","4.175","4.175","4.175","4.175","0.29%"
"2022- 10- 28","4.163","4.232","4.244","4.163","-2.51%"
"2022- 10- 27","4.270","4.232","4.271","4.197","0.35%"
"2022- 10- 26","4.255","4.307","4.392","4.238","-2.96%"
"2022- 10- 25","4.385","4.544","4.556","4.385","-2.23%"
"2022- 10- 24","4.485","4.540","4.540","4.465","-2.92%"
"2022- 10- 23","4.620","4.620","4.620","4.620","0.00%"
"2022- 10- 22","4.620","4.620","4.620","4.620","-0.75%"
"2022- 10- 21","4.655","4.488","4.665","4.488","5.44%"
"2022- 10- 20","4.415","4.331","4.464","4.331","0.85%"
"2022- 10- 19","4.378","4.309","4.380","4.280","2.43%"
"2022- 10- 18","4.274","4.245","4.288","4.229","1.76%"
"2022- 10- 17","4.200","4.277","4.310","4.199","0.48%"
"2022- 10- 16","4.180","4.180","4.180","4.180","0.00%"
"2022- 10- 15","4.180","4.180","4.180","4.180","-0.48%"
"2022- 10- 14","4.200","4.266","4.266","4.168","-1.08%"
"2022- 10- 13","4.246","4.132","4.250","4.132","3.13%"
"2022- 10- 12","4.117","4.295","4.348","4.113","-4.34%"
"2022- 10- 11","4.304","4.305","4.344","4.287","2.23%"
"2022- 10- 10","4.210","4.210","4.210","4.210","0.00%"
"2022- 10- 09","4.210","4.210","4.210","4.210","0.00%"
"2022- 10- 08","4.210","4.210","4.210","4.210","-0.14%"
"2022- 10- 07","4.216","4.191","4.216","4.149","2.78%"
"2022- 10- 06","4.102","4.155","4.172","4.074","0.84%"
"2022- 10- 05","4.068","3.987","4.077","3.976","1.52%"
"2022- 10- 04","4.007","4.044","4.051","3.934","-1.84%"
"2022- 10- 03","4.082","4.082","4.082","4.082","0.00%"
"2022- 10- 02","4.082","4.082","4.082","4.082","0.00%"
"2022- 10- 01","4.082","4.082","4.082","4.082","-0.66%"
"2022- 09- 30","4.109","4.134","4.192","4.086","-2.79%"
"2022- 09- 29","4.227","4.139","4.267","4.050","-0.09%"
"2022- 09- 28","4.231","4.310","4.426","4.207","0.59%"
"2022- 09- 27","4.206","4.397","4.397","4.194","-2.23%"
"2022- 09- 26","4.302","4.186","4.302","4.178","4.24%"
"2022- 09- 25","4.127","4.127","4.127","4.127","0.00%"
"2022- 09- 24","4.127","4.127","4.127","4.127","0.49%"
"2022- 09- 23","4.107","4.088","4.249","4.088","3.01%"
"2022- 09- 22","3.987","3.933","4.005","3.933","2.15%"
"2022- 09- 21","3.903","3.869","3.936","3.869","2.17%"
"2022- 09- 20","3.820","3.785","3.838","3.771","0.55%"
"2022- 09- 19","3.799","3.765","3.831","3.761","0.77%"
"2022- 09- 18","3.770","3.770","3.770","3.770","0.00%"
"2022- 09- 17","3.770","3.770","3.770","3.770","-0.05%"
"2022- 09- 16","3.772","3.757","3.795","3.746","-0.50%"
"2022- 09- 15","3.791","3.661","3.809","3.661","3.64%"
"2022- 09- 14","3.658","3.702","3.735","3.655","0.36%"
"2022- 09- 13","3.645","3.655","3.690","3.636","0.69%"
"2022- 09- 12","3.620","3.620","3.620","3.620","0.00%"
"2022- 09- 11","3.620","3.620","3.620","3.620","0.00%"
"2022- 09- 10","3.620","3.620","3.620","3.620","0.00%"
"2022- 09- 09","3.620","3.620","3.620","3.620","-0.06%"
"2022- 09- 08","3.622","3.715","3.718","3.622","-3.05%"
"2022- 09- 07","3.736","3.777","3.800","3.732","0.70%"
"2022- 09- 06","3.710","3.672","3.716","3.644","1.06%"
"2022- 09- 05","3.671","3.720","3.755","3.660","-1.58%"
"2022- 09- 04","3.730","3.730","3.730","3.730","0.00%"
"2022- 09- 03","3.730","3.730","3.730","3.730","-0.40%"
"2022- 09- 02","3.745","3.776","3.818","3.742","-1.42%"
"2022- 09- 01","3.799","3.777","3.808","3.774","1.39%"
"2022- 08- 31","3.747","3.704","3.801","3.700","1.41%"
"2022- 08- 30","3.695","3.706","3.735","3.689","-0.54%"
"2022- 08- 29","3.715","3.689","3.737","3.682","2.60%"
"2022- 08- 28","3.621","3.621","3.621","3.621","0.00%"
"2022- 08- 27","3.621","3.621","3.621","3.621","0.19%"
"2022- 08- 26","3.614","3.557","3.670","3.529","0.53%"
"2022- 08- 25","3.595","3.465","3.596","3.443","4.72%"
"2022- 08- 24","3.433","3.371","3.433","3.369","1.84%"
"2022- 08- 23","3.371","3.364","3.402","3.364","0.63%"
"2022- 08- 22","3.350","3.345","3.379","3.345","1.45%"
"2022- 08- 21","3.302","3.302","3.302","3.302","0.00%"
"2022- 08- 20","3.302","3.302","3.302","3.302","-0.30%"
"2022- 08- 19","3.312","3.239","3.319","3.239","2.83%"
"2022- 08- 18","3.221","3.222","3.229","3.202","0.97%"
"2022- 08- 17","3.190","3.180","3.200","3.168","0.92%"
"2022- 08- 16","3.161","3.220","3.223","3.154","-3.54%"
"2022- 08- 15","3.277","3.277","3.277","3.277","0.00%"
"2022- 08- 14","3.277","3.277","3.277","3.277","0.00%"
"2022- 08- 13","3.277","3.277","3.277","3.277","-0.79%"
"2022- 08- 12","3.303","3.287","3.305","3.267","1.98%"
"2022- 08- 11","3.239","3.206","3.252","3.195","0.84%"
"2022- 08- 10","3.212","3.162","3.213","3.162","1.39%"
"2022- 08- 09","3.168","3.156","3.188","3.151","-0.31%"
"2022- 08- 08","3.178","3.198","3.211","3.175","2.02%"
"2022- 08- 07","3.115","3.115","3.115","3.115","0.00%"
"2022- 08- 06","3.115","3.115","3.115","3.115","-0.32%"
"2022- 08- 05","3.125","3.141","3.160","3.118","-0.60%"
"2022- 08- 04","3.144","3.123","3.145","3.097","0.16%"
"2022- 08- 03","3.139","3.170","3.170","3.125","1.29%"
"2022- 08- 02","3.099","3.106","3.106","3.065","-2.73%"
"2022- 08- 01","3.186","3.174","3.207","3.143","1.95%"
"2022- 07- 31","3.125","3.125","3.125","3.125","0.00%"
"2022- 07- 30","3.125","3.125","3.125","3.125","-0.06%"
"2022- 07- 29","3.127","3.141","3.141","3.064","-2.19%"
"2022- 07- 28","3.197","3.113","3.218","3.113","2.08%"
"2022- 07- 27","3.132","3.192","3.221","3.132","-1.63%"
"2022- 07- 26","3.184","3.211","3.228","3.178","-0.90%"
"2022- 07- 25","3.213","3.240","3.240","3.190","-2.67%"
"2022- 07- 23","3.301","3.301","3.301","3.301","-0.06%"
"2022- 07- 22","3.303","3.283","3.323","3.283","-2.10%"
"2022- 07- 21","3.374","3.350","3.377","3.328","0.33%"
"2022- 07- 20","3.363","3.284","3.370","3.282","2.91%"
"2022- 07- 19","3.268","3.278","3.313","3.256","0.12%"
"2022- 07- 18","3.264","3.250","3.267","3.202","1.30%"
"2022- 07- 17","3.222","3.222","3.222","3.222","-1.07%"
"2022- 07- 15","3.257","3.253","3.304","3.253","-1.45%"
"2022- 07- 14","3.305","3.308","3.355","3.270","0.06%"
"2022- 07- 13","3.303","3.335","3.341","3.260","-1.55%"
"2022- 07- 12","3.355","3.367","3.380","3.316","-0.89%"
"2022- 07- 11","3.385","3.401","3.424","3.384","0.74%"
"2022- 07- 10","3.360","3.360","3.360","3.360","-0.15%"
"2022- 07- 08","3.365","3.348","3.381","3.332","2.25%"
"2022- 07- 07","3.291","3.327","3.330","3.250","0.27%"
"2022- 07- 06","3.282","3.331","3.375","3.252","-3.13%"
"2022- 07- 05","3.388","3.483","3.518","3.350","-3.17%"
"2022- 07- 04","3.499","3.466","3.501","3.441","0.11%"
"2022- 07- 03","3.495","3.495","3.495","3.495","0.00%"
"2022- 07- 02","3.495","3.495","3.495","3.495","0.17%"
"2022- 07- 01","3.489","3.582","3.582","3.475","-4.07%"
"2022- 06- 30","3.637","3.632","3.671","3.632","-0.82%"
"2022- 06- 29","3.667","3.689","3.704","3.655","0.08%"
"2022- 06- 28","3.664","3.741","3.742","3.661","-1.61%"
"2022- 06- 27","3.724","3.685","3.734","3.666","2.73%"
"2022- 06- 26","3.625","3.625","3.625","3.625","0.00%"
"2022- 06- 25","3.625","3.625","3.625","3.625","-0.47%"
"2022- 06- 24","3.642","3.623","3.674","3.622","-1.43%"
"2022- 06- 23","3.695","3.609","3.704","3.593","-0.22%"
"2022- 06- 22","3.703","3.778","3.794","3.699","-1.93%"
"2022- 06- 21","3.776","3.838","3.847","3.764","-0.03%"
"2022- 06- 20","3.777","3.802","3.816","3.764","-0.47%"
"2022- 06- 19","3.795","3.795","3.795","3.795","0.00%"
"2022- 06- 17","3.795","3.772","3.816","3.740","0.93%"
"2022- 06- 16","3.760","3.710","3.767","3.686","-1.13%"
"2022- 06- 15","3.803","3.743","3.812","3.711","2.87%"
"2022- 06- 14","3.697","3.750","3.760","3.683","1.45%"
"2022- 06- 13","3.644","3.559","3.705","3.559","4.41%"
"2022- 06- 12","3.490","3.490","3.490","3.490","-0.14%"
"2022- 06- 10","3.495","3.465","3.510","3.460","0.87%"
"2022- 06- 09","3.465","3.495","3.520","3.437","-0.26%"
"2022- 06- 08","3.474","3.500","3.512","3.464","-1.81%"
"2022- 06- 07","3.538","3.475","3.539","3.474","3.85%"
"2022- 06- 06","3.407","3.407","3.407","3.407","0.00%"
"2022- 06- 05","3.407","3.407","3.407","3.407","0.00%"
"2022- 06- 04","3.407","3.407","3.407","3.407","0.12%"
"2022- 06- 03","3.403","3.448","3.454","3.386","-0.56%"
"2022- 06- 02","3.422","3.369","3.448","3.350","2.76%"
"2022- 06- 01","3.330","3.330","3.330","3.330","0.18%"
"2022- 05- 31","3.324","3.235","3.326","3.230","3.71%"
"2022- 05- 30","3.205","3.223","3.229","3.183","-0.37%"
"2022- 05- 29","3.217","3.217","3.217","3.217","0.00%"
"2022- 05- 28","3.217","3.217","3.217","3.217","0.19%"
"2022- 05- 27","3.211","3.200","3.242","3.190","-0.86%"
"2022- 05- 26","3.239","3.184","3.275","3.182","2.08%"
"2022- 05- 25","3.173","3.186","3.207","3.168","-1.34%"
"2022- 05- 24","3.216","3.269","3.279","3.209","-1.26%"
"2022- 05- 23","3.257","3.211","3.281","3.208","0.52%"
"2022- 05- 22","3.240","3.240","3.240","3.240","0.00%"
"2022- 05- 21","3.240","3.240","3.240","3.240","-0.22%"
"2022- 05- 20","3.247","3.290","3.295","3.237","-1.81%"
"2022- 05- 19","3.307","3.275","3.320","3.275","-0.39%"
"2022- 05- 18","3.320","3.320","3.336","3.291","0.94%"
"2022- 05- 17","3.289","3.279","3.302","3.279","-0.06%"
"2022- 05- 16","3.291","3.310","3.340","3.230","1.89%"
"2022- 05- 15","3.230","3.230","3.230","3.230","0.00%"
"2022- 05- 14","3.230","3.230","3.230","3.230","0.44%"
"2022- 05- 13","3.216","3.185","3.241","3.185","1.55%"
"2022- 05- 12","3.167","3.257","3.293","3.128","-3.24%"
"2022- 05- 11","3.273","3.345","3.345","3.273","-3.82%"
"2022- 05- 10","3.403","3.374","3.421","3.327","-0.29%"
"2022- 05- 09","3.413","3.489","3.497","3.408","-0.20%"
"2022- 05- 08","3.420","3.420","3.420","3.420","0.00%"
"2022- 05- 07","3.420","3.420","3.420","3.420","-0.49%"
"2022- 05- 06","3.437","3.475","3.503","3.437","0.26%"
"2022- 05- 05","3.428","3.428","3.428","3.428","-0.98%"
"2022- 05- 04","3.462","3.391","3.467","3.382","1.58%"
"2022- 05- 03","3.408","3.418","3.426","3.340","1.07%"
"2022- 05- 02","3.372","3.315","3.395","3.315","4.23%"
"2022- 05- 01","3.235","3.235","3.235","3.235","0.00%"
"2022- 04- 30","3.235","3.235","3.235","3.235","-0.31%"
"2022- 04- 29","3.245","3.211","3.256","3.197","2.43%"
"2022- 04- 28","3.168","3.206","3.231","3.152","0.16%"
"2022- 04- 27","3.163","3.140","3.188","3.097","-1.00%"
"2022- 04- 26","3.195","3.183","3.231","3.168","-0.47%"
"2022- 04- 25","3.210","3.293","3.307","3.202","-2.87%"
"2022- 04- 24","3.305","3.305","3.305","3.305","0.00%"
"2022- 04- 23","3.305","3.305","3.305","3.305","-1.25%"
"2022- 04- 22","3.347","3.340","3.359","3.323","1.73%"
"2022- 04- 21","3.290","3.276","3.325","3.272","-0.75%"
"2022- 04- 20","3.315","3.376","3.378","3.290","-1.43%"
"2022- 04- 19","3.363","3.337","3.363","3.285","0.33%"
"2022- 04- 18","3.352","3.363","3.413","3.343","0.96%"
"2022- 04- 17","3.320","3.320","3.320","3.320","0.00%"
"2022- 04- 16","3.320","3.320","3.320","3.320","0.91%"
"2022- 04- 15","3.290","3.290","3.322","3.280","2.08%"
"2022- 04- 14","3.223","3.264","3.274","3.199","-1.86%"
"2022- 04- 13","3.284","3.289","3.338","3.254","-0.91%"
"2022- 04- 12","3.314","3.309","3.371","3.280","0.49%"
"2022- 04- 11","3.298","3.211","3.307","3.211","3.68%"
"2022- 04- 10","3.181","3.181","3.181","3.181","0.00%"
"2022- 04- 09","3.181","3.181","3.181","3.181","0.44%"
"2022- 04- 08","3.167","3.127","3.177","3.094","1.12%"
"2022- 04- 07","3.132","3.099","3.140","3.099","-0.06%"
"2022- 04- 06","3.134","3.200","3.200","3.134","1.75%"
"2022- 04- 05","3.080","3.017","3.095","2.982","0.26%"
"2022- 04- 04","3.072","3.083","3.178","3.058","2.23%"
"2022- 04- 03","3.005","3.005","3.005","3.005","0.00%"
"2022- 04- 02","3.005","3.005","3.005","3.005","-0.07%"
"2022- 04- 01","3.007","2.960","3.021","2.933","1.28%"
"2022- 03- 31","2.969","2.890","2.972","2.875","2.91%"
"2022- 03- 30","2.885","2.924","2.953","2.870","-2.93%"
"2022- 03- 29","2.972","3.015","3.057","2.968","-1.85%"
"2022- 03- 28","3.028","2.920","3.086","2.915","5.25%"
"2022- 03- 27","2.877","2.877","2.877","2.877","0.00%"
"2022- 03- 26","2.877","2.877","2.877","2.877","0.31%"
"2022- 03- 25","2.868","2.860","2.893","2.844","0.46%"
"2022- 03- 24","2.855","2.788","2.862","2.775","0.81%"
"2022- 03- 23","2.832","2.841","2.878","2.794","-0.04%"
"2022- 03- 22","2.833","2.790","2.853","2.776","3.36%"
"2022- 03- 21","2.741","2.745","2.756","2.710","0.37%"
"2022- 03- 20","2.731","2.731","2.731","2.731","-0.22%"
"2022- 03- 18","2.737","2.701","2.744","2.693","1.22%"
"2022- 03- 17","2.704","2.740","2.744","2.676","-2.21%"
"2022- 03- 16","2.765","2.749","2.777","2.730","0.22%"
"2022- 03- 15","2.759","2.790","2.799","2.753","0.77%"
"2022- 03- 14","2.738","2.724","2.747","2.724","1.60%"
"2022- 03- 13","2.695","2.695","2.695","2.695","0.00%"
"2022- 03- 12","2.695","2.695","2.695","2.695","-0.19%"
"2022- 03- 11","2.700","2.728","2.732","2.688","-0.95%"
"2022- 03- 10","2.726","2.721","2.754","2.699","0.33%"
"2022- 03- 09","2.717","2.717","2.717","2.717","-0.18%"
"2022- 03- 08","2.722","2.738","2.754","2.706","0.55%"
"2022- 03- 07","2.707","2.624","2.713","2.624","2.27%"
"2022- 03- 06","2.647","2.647","2.647","2.647","0.00%"
"2022- 03- 05","2.647","2.647","2.647","2.647","-0.56%"
"2022- 03- 04","2.662","2.640","2.681","2.600","0.57%"
"2022- 03- 03","2.647","2.640","2.672","2.640","1.30%"
"2022- 03- 02","2.613","2.623","2.636","2.607","-2.68%"
"2022- 03- 01","2.685","2.685","2.685","2.685","0.37%"
"2022- 02- 28","2.675","2.634","2.680","2.633","0.30%"
"2022- 02- 27","2.667","2.667","2.667","2.667","0.00%"
"2022- 02- 26","2.667","2.667","2.667","2.667","-0.15%"
"2022- 02- 25","2.671","2.688","2.701","2.671","1.87%"
"2022- 02- 24","2.622","2.720","2.759","2.621","-3.74%"
"2022- 02- 23","2.724","2.741","2.741","2.707","0.26%"
"2022- 02- 22","2.717","2.735","2.735","2.704","-2.05%"
"2022- 02- 21","2.774","2.711","2.779","2.705","1.69%"
"2022- 02- 18","2.728","2.686","2.736","2.682","0.74%"
"2022- 02- 17","2.708","2.684","2.722","2.665","0.26%"
"2022- 02- 16","2.701","2.738","2.742","2.697","-0.33%"
"2022- 02- 15","2.710","2.715","2.723","2.696","0.11%"
"2022- 02- 14","2.707","2.705","2.729","2.693","-1.02%"
"2022- 02- 13","2.735","2.735","2.735","2.735","0.00%"
"2022- 02- 12","2.735","2.735","2.735","2.735","-0.51%"
"2022- 02- 11","2.749","2.692","2.776","2.692","2.35%"
"2022- 02- 10","2.686","2.693","2.698","2.662","-0.11%"
"2022- 02- 09","2.689","2.707","2.715","2.675","-1.65%"
"2022- 02- 08","2.734","2.674","2.736","2.669","3.68%"
"2022- 02- 07","2.637","2.631","2.663","2.621","1.35%"
"2022- 02- 06","2.602","2.602","2.602","2.602","0.00%"
"2022- 02- 05","2.602","2.602","2.602","2.602","-0.65%"
"2022- 02- 04","2.619","2.617","2.649","2.613","1.99%"
"2022- 02- 03","2.568","2.551","2.574","2.550","-0.85%"
"2022- 02- 02","2.590","2.590","2.590","2.590","0.00%"
"2022- 02- 01","2.590","2.590","2.590","2.590","0.00%"
"2022- 01- 31","2.590","2.590","2.590","2.590","0.00%"
"2022- 01- 30","2.590","2.590","2.590","2.590","0.00%"
"2022- 01- 29","2.590","2.590","2.590","2.590","0.15%"
"2022- 01- 28","2.586","2.597","2.617","2.577","-1.00%"
"2022- 01- 27","2.612","2.590","2.639","2.589","1.52%"
"2022- 01- 26","2.573","2.576","2.603","2.566","-0.12%"
"2022- 01- 25","2.576","2.544","2.586","2.543","1.50%"
"2022- 01- 24","2.538","2.547","2.560","2.532","-0.16%"
"2022- 01- 23","2.542","2.542","2.542","2.542","0.00%"
"2022- 01- 22","2.542","2.542","2.542","2.542","0.08%"
"2022- 01- 21","2.540","2.515","2.542","2.504","-0.66%"
"2022- 01- 20","2.557","2.553","2.567","2.521","0.83%"
"2022- 01- 19","2.536","2.581","2.584","2.534","-0.67%"
"2022- 01- 18","2.553","2.550","2.624","2.533","-0.58%"
"2022- 01- 17","2.568","2.510","2.570","2.509","4.22%"
"2022- 01- 16","2.464","2.464","2.464","2.464","0.00%"
"2022- 01- 15","2.464","2.464","2.464","2.464","0.45%"
"2022- 01- 14","2.453","2.388","2.463","2.388","2.34%"
"2022- 01- 13","2.397","2.430","2.445","2.391","-1.28%"
"2022- 01- 12","2.428","2.460","2.467","2.428","-2.29%"
"2022- 01- 11","2.485","2.462","2.495","2.457","0.04%"
"2022- 01- 10","2.484","2.472","2.506","2.461","1.10%"
"2022- 01- 09","2.457","2.457","2.457","2.457","0.00%"
"2022- 01- 08","2.457","2.457","2.457","2.457","-0.04%"
"2022- 01- 07","2.458","2.453","2.488","2.430","-0.93%"
"2022- 01- 06","2.481","2.404","2.481","2.401","4.46%"
"2022- 01- 05","2.375","2.331","2.394","2.331","2.64%"
"2022- 01- 04","2.314","2.358","2.372","2.312","-0.39%"
"2022- 01- 03","2.323","2.282","2.329","2.274","6.80%"
"2022- 01- 02","2.175","2.255","2.257","2.175","-3.55%"
"2022- 01- 01","2.255","2.255","2.255","2.255","0.00%"
"2021- 12- 31","2.255","2.255","2.256","2.255","0.31%"
"2021- 12- 30","2.248","2.242","2.248","2.233","3.12%"
"2021- 12- 29","2.180","2.190","2.200","2.176","-0.73%"
"2021- 12- 28","2.196","2.213","2.221","2.196","-0.72%"
"2021- 12- 27","2.212","2.204","2.219","2.196","0.45%"
"2021- 12- 26","2.202","2.202","2.202","2.202","0.00%"
"2021- 12- 25","2.202","2.202","2.202","2.202","-0.36%"
"2021- 12- 24","2.210","2.188","2.220","2.185","-0.23%"
"2021- 12- 23","2.215","2.148","2.215","2.144","3.12%"
"2021- 12- 22","2.148","2.110","2.149","2.110","2.53%"
"2021- 12- 21","2.095","2.110","2.125","2.080","-0.62%"
"2021- 12- 20","2.108","2.130","2.135","2.105","-2.04%"
"2021- 12- 19","2.152","2.152","2.152","2.152","0.00%"
"2021- 12- 18","2.152","2.152","2.152","2.152","-0.05%"
"2021- 12- 17","2.153","2.148","2.167","2.142","0.28%"
"2021- 12- 16","2.147","2.164","2.189","2.147","-0.88%"
"2021- 12- 15","2.166","2.178","2.194","2.157","-0.05%"
"2021- 12- 14","2.167","2.138","2.169","2.137","-0.09%"
"2021- 12- 13","2.169","2.194","2.208","2.167","-1.18%"
"2021- 12- 12","2.195","2.195","2.195","2.195","0.00%"
"2021- 12- 11","2.195","2.195","2.195","2.195","-0.32%"
"2021- 12- 10","2.202","2.168","2.203","2.161","0.64%"
"2021- 12- 09","2.188","2.206","2.233","2.181","0.09%"
"2021- 12- 08","2.186","2.235","2.235","2.180","-2.41%"
"2021- 12- 07","2.240","2.228","2.244","2.217","1.27%"
"2021- 12- 06","2.212","2.193","2.224","2.186","-1.03%"
"2021- 12- 05","2.235","2.235","2.235","2.235","0.00%"
"2021- 12- 04","2.235","2.235","2.235","2.235","0.09%"
"2021- 12- 03","2.233","2.194","2.233","2.190","1.78%"
"2021- 12- 02","2.194","2.150","2.203","2.141","0.60%"
"2021- 12- 01","2.181","2.222","2.230","2.166","-1.67%"
"2021- 11- 30","2.218","2.248","2.283","2.174","-2.08%"
"2021- 11- 29","2.265","2.272","2.323","2.251","0.13%"
"2021- 11- 28","2.262","2.262","2.262","2.262","0.00%"
"2021- 11- 27","2.262","2.262","2.262","2.262","0.40%"
"2021- 11- 26","2.253","2.310","2.316","2.216","-4.01%"
"2021- 11- 25","2.347","2.390","2.398","2.330","-1.96%"
"2021- 11- 24","2.394","2.430","2.442","2.388","-0.25%"
"2021- 11- 23","2.400","2.424","2.450","2.380","0.59%"
"2021- 11- 22","2.386","2.367","2.386","2.357","0.25%"
"2021- 11- 21","2.380","2.380","2.380","2.380","0.00%"
"2021- 11- 20","2.380","2.380","2.380","2.380","0.38%"
"2021- 11- 19","2.371","2.346","2.374","2.345","1.41%"
"2021- 11- 18","2.338","2.365","2.365","2.314","-0.93%"
"2021- 11- 17","2.360","2.330","2.362","2.297","1.07%"
"2021- 11- 16","2.335","2.328","2.346","2.311","1.57%"
"2021- 11- 15","2.299","2.336","2.336","2.295","-2.17%"
"2021- 11- 14","2.350","2.350","2.350","2.350","0.00%"
"2021- 11- 13","2.350","2.350","2.350","2.350","0.34%"
"2021- 11- 12","2.342","2.372","2.383","2.323","0.09%"
"2021- 11- 11","2.340","2.363","2.389","2.334","1.43%"
"2021- 11- 10","2.307","2.285","2.321","2.276","0.57%"
"2021- 11- 09","2.294","2.323","2.330","2.281","-1.46%"
"2021- 11- 08","2.328","2.300","2.342","2.300","-0.94%"
"2021- 11- 07","2.350","2.350","2.350","2.350","0.00%"
"2021- 11- 06","2.350","2.350","2.350","2.350","0.00%"
"2021- 11- 05","2.350","2.375","2.397","2.345","-3.21%"
"2021- 11- 04","2.428","2.452","2.452","2.423","-1.70%"
"2021- 11- 03","2.470","2.462","2.484","2.444","-0.40%"
"2021- 11- 02","2.480","2.519","2.529","2.449","-0.72%"
"2021- 11- 01","2.498","2.552","2.562","2.480","-2.54%"
"2021- 10- 31","2.563","2.563","2.563","2.563","0.00%"
"2021- 10- 30","2.563","2.563","2.563","2.563","-0.77%"
"2021- 10- 29","2.583","2.474","2.583","2.468","8.03%"
"2021- 10- 28","2.391","2.500","2.540","2.390","-3.74%"
"2021- 10- 27","2.484","2.450","2.489","2.441","1.14%"
"2021- 10- 26","2.456","2.450","2.504","2.436","1.24%"
"2021- 10- 25","2.426","2.407","2.426","2.383","0.75%"
"2021- 10- 24","2.408","2.408","2.408","2.408","0.00%"
"2021- 10- 23","2.408","2.408","2.408","2.408","-0.12%"
"2021- 10- 22","2.411","2.423","2.425","2.400","1.01%"
"2021- 10- 21","2.387","2.408","2.416","2.383","-0.13%"
"2021- 10- 20","2.390","2.423","2.431","2.382","0.42%"
"2021- 10- 19","2.380","2.385","2.399","2.367","-0.79%"
"2021- 10- 18","2.399","2.410","2.435","2.386","0.42%"
"2021- 10- 17","2.389","2.361","2.389","2.360","1.23%"
"2021- 10- 16","2.360","2.360","2.360","2.360","0.21%"
"2021- 10- 15","2.355","2.339","2.378","2.338","0.17%"
"2021- 10- 14","2.351","2.373","2.382","2.342","-2.08%"
"2021- 10- 13","2.401","2.415","2.430","2.394","-1.88%"
"2021- 10- 12","2.447","2.367","2.448","2.354","3.60%"
"2021- 10- 11","2.362","2.362","2.362","2.362","0.00%"
"2021- 10- 10","2.362","2.362","2.362","2.362","0.00%"
"2021- 10- 09","2.362","2.362","2.362","2.362","-0.59%"
"2021- 10- 08","2.376","2.406","2.413","2.341","-0.46%"
"2021- 10- 07","2.387","2.372","2.398","2.361","-0.54%"
"2021- 10- 06","2.400","2.305","2.401","2.305","4.76%"
"2021- 10- 05","2.291","2.240","2.295","2.240","1.82%"
"2021- 10- 04","2.250","2.250","2.250","2.250","0.00%"
"2021- 10- 03","2.250","2.250","2.250","2.250","0.00%"
"2021- 10- 02","2.250","2.250","2.250","2.250","-0.40%"
"2021- 10- 01","2.259","2.219","2.272","2.201","0.98%"
"2021- 09- 30","2.237","2.216","2.247","2.213","0.49%"
"2021- 09- 29","2.226","2.276","2.304","2.225","-1.33%"
"2021- 09- 28","2.256","2.190","2.256","2.190","4.11%"
"2021- 09- 27","2.167","2.168","2.176","2.137","0.46%"
"2021- 09- 26","2.157","2.157","2.157","2.157","0.00%"
"2021- 09- 25","2.157","2.157","2.157","2.157","0.28%"
"2021- 09- 24","2.151","2.131","2.166","2.131","2.48%"
"2021- 09- 23","2.099","2.038","2.100","2.032","1.30%"
"2021- 09- 22","2.072","2.072","2.072","2.072","0.00%"
"2021- 09- 21","2.072","2.072","2.072","2.072","0.00%"
"2021- 09- 20","2.072","2.072","2.072","2.072","0.00%"
"2021- 09- 19","2.072","2.072","2.072","2.072","0.00%"
"2021- 09- 18","2.072","2.072","2.072","2.072","0.29%"
"2021- 09- 17","2.066","2.051","2.092","2.049","1.13%"
"2021- 09- 16","2.043","2.045","2.051","2.021","0.94%"
"2021- 09- 15","2.024","2.056","2.063","2.024","-1.65%"
"2021- 09- 14","2.058","2.038","2.079","2.036","1.13%"
"2021- 09- 13","2.035","2.011","2.037","2.001","2.01%"
"2021- 09- 12","1.995","1.995","1.995","1.995","0.00%"
"2021- 09- 11","1.995","1.995","1.995","1.995","-0.65%"
"2021- 09- 10","2.008","1.993","2.041","1.993","0.40%"
"2021- 09- 09","2.000","1.996","2.002","1.986","-0.94%"
"2021- 09- 08","2.019","1.997","2.019","1.986","2.28%"
"2021- 09- 07","1.974","1.965","1.984","1.954","0.15%"
"2021- 09- 06","1.971","1.952","1.978","1.952","1.49%"
"2021- 09- 05","1.942","1.942","1.942","1.942","-0.05%"
"2021- 09- 03","1.943","1.948","1.951","1.935","0.15%"
"2021- 09- 02","1.940","1.934","1.948","1.930","-0.10%"
"2021- 09- 01","1.942","1.928","1.947","1.922","1.57%"
"2021- 08- 31","1.912","1.886","1.914","1.879","-0.05%"
"2021- 08- 30","1.913","1.921","1.930","1.913","-1.24%"
"2021- 08- 29","1.937","1.937","1.937","1.937","0.00%"
"2021- 08- 28","1.937","1.937","1.937","1.937","-0.10%"
"2021- 08- 27","1.939","1.924","1.956","1.923","0.62%"
"2021- 08- 26","1.927","1.953","1.963","1.899","-0.46%"
"2021- 08- 25","1.936","1.940","1.950","1.930","-0.15%"
"2021- 08- 24","1.939","1.893","1.939","1.888","2.81%"
"2021- 08- 23","1.886","1.866","1.895","1.864","-1.77%"
"2021- 08- 22","1.920","1.852","1.920","1.852","3.67%"
"2021- 08- 21","1.852","1.852","1.852","1.852","0.00%"
"2021- 08- 20","1.852","1.869","1.880","1.850","-0.86%"
"2021- 08- 19","1.868","1.880","1.887","1.865","-0.64%"
"2021- 08- 18","1.880","1.887","1.891","1.872","-0.48%"
"2021- 08- 17","1.889","1.889","1.901","1.886","-1.61%"
"2021- 08- 16","1.920","1.920","1.920","1.920","0.00%"
"2021- 08- 15","1.920","1.920","1.920","1.920","-0.21%"
"2021- 08- 13","1.924","1.940","1.945","1.912","0.16%"
"2021- 08- 12","1.921","1.915","1.931","1.910","-0.67%"
"2021- 08- 11","1.934","1.925","1.934","1.916","0.89%"
"2021- 08- 10","1.917","1.920","1.932","1.917","0.10%"
"2021- 08- 09","1.915","1.897","1.915","1.882","1.06%"
"2021- 08- 07","1.895","1.895","1.895","1.895","-0.32%"
"2021- 08- 06","1.901","1.897","1.902","1.882","1.22%"
"2021- 08- 05","1.878","1.867","1.893","1.851","0.64%"
"2021- 08- 04","1.866","1.887","1.887","1.857","-1.27%"
"2021- 08- 03","1.890","1.892","1.893","1.871","-0.89%"
"2021- 08- 02","1.907","1.900","1.907","1.858","2.14%"
"2021- 07- 31","1.867","1.867","1.867","1.867","-0.48%"
"2021- 07- 30","1.876","1.900","1.900","1.858","-0.69%"
"2021- 07- 29","1.889","1.868","1.895","1.866","1.40%"
"2021- 07- 28","1.863","1.859","1.904","1.849","-0.27%"
"2021- 07- 27","1.868","1.880","1.880","1.856","0.27%"
"2021- 07- 26","1.863","1.880","1.889","1.859","-1.01%"
"2021- 07- 25","1.882","1.882","1.882","1.882","-0.32%"
"2021- 07- 23","1.888","1.907","1.907","1.867","-1.77%"
"2021- 07- 22","1.922","1.903","1.925","1.898","2.40%"
"2021- 07- 21","1.877","1.917","1.917","1.858","-0.74%"
"2021- 07- 20","1.891","1.929","1.929","1.883","-4.11%"
"2021- 07- 19","1.972","1.971","1.982","1.970","-2.23%"
"2021- 07- 18","2.017","2.017","2.017","2.017","0.00%"
"2021- 07- 17","2.017","2.017","2.017","2.017","0.60%"
"2021- 07- 16","2.005","1.990","2.031","1.990","-1.13%"
"2021- 07- 15","2.028","1.990","2.069","1.982","0.90%"
"2021- 07- 14","2.010","2.049","2.054","2.006","-1.23%"
"2021- 07- 13","2.035","2.027","2.043","2.022","0.64%"
"2021- 07- 12","2.022","2.048","2.053","2.020","-0.64%"
"2021- 07- 11","2.035","2.035","2.035","2.035","0.00%"
"2021- 07- 10","2.035","2.035","2.035","2.035","0.15%"
"2021- 07- 09","2.032","2.019","2.041","2.016","1.40%"
"2021- 07- 08","2.004","2.009","2.023","1.999","-1.72%"
"2021- 07- 07","2.039","2.066","2.070","2.037","-3.82%"
"2021- 07- 06","2.120","2.095","2.122","2.090","1.48%"
"2021- 07- 05","2.089","2.081","2.098","2.076","-0.76%"
"2021- 07- 04","2.105","2.105","2.105","2.105","0.00%"
"2021- 07- 03","2.105","2.105","2.105","2.105","0.19%"
"2021- 07- 02","2.101","2.089","2.101","2.072","0.57%"
"2021- 07- 01","2.089","2.091","2.105","2.065","-0.14%"
"2021- 06- 30","2.092","2.100","2.110","2.089","-0.85%"
"2021- 06- 29","2.110","2.110","2.133","2.106","-1.26%"
"2021- 06- 28","2.137","2.114","2.155","2.108","1.67%"
"2021- 06- 27","2.102","2.102","2.102","2.102","0.00%"
"2021- 06- 26","2.102","2.102","2.102","2.102","0.10%"
"2021- 06- 25","2.100","2.080","2.136","2.080","2.09%"
"2021- 06- 24","2.057","2.039","2.062","2.020","0.78%"
"2021- 06- 23","2.041","2.030","2.046","2.024","-0.44%"
"2021- 06- 22","2.050","2.035","2.061","2.027","2.19%"
"2021- 06- 21","2.006","2.025","2.025","1.985","-1.43%"
"2021- 06- 20","2.035","2.035","2.035","2.035","0.00%"
"2021- 06- 19","2.035","2.035","2.035","2.035","-0.29%"
"2021- 06- 18","2.041","2.067","2.067","2.036","-1.83%"
"2021- 06- 17","2.079","2.097","2.112","2.071","0.39%"
"2021- 06- 16","2.071","2.074","2.095","2.067","0.00%"
"2021- 06- 15","2.071","2.097","2.099","2.059","-1.19%"
"2021- 06- 14","2.096","2.086","2.104","2.083","0.77%"
"2021- 06- 13","2.080","2.080","2.080","2.080","0.00%"
"2021- 06- 12","2.080","2.080","2.080","2.080","-1.00%"
"2021- 06- 11","2.101","2.066","2.115","2.065","0.77%"
"2021- 06- 10","2.085","2.084","2.098","2.078","-0.90%"
"2021- 06- 09","2.104","2.123","2.123","2.081","-0.57%"
"2021- 06- 08","2.116","2.141","2.146","2.116","-1.86%"
"2021- 06- 07","2.156","2.137","2.159","2.134","-0.51%"
"2021- 06- 06","2.167","2.167","2.167","2.167","0.00%"
"2021- 06- 05","2.167","2.167","2.167","2.167","-0.28%"
"2021- 06- 04","2.173","2.207","2.209","2.163","-1.00%"
"2021- 06- 03","2.195","2.179","2.196","2.163","-0.32%"
"2021- 06- 02","2.202","2.192","2.214","2.187","0.78%"
"2021- 06- 01","2.185","2.174","2.197","2.160","0.28%"
"2021- 05- 31","2.179","2.150","2.195","2.150","1.97%"
"2021- 05- 30","2.137","2.137","2.137","2.137","0.00%"
"2021- 05- 29","2.137","2.137","2.137","2.137","0.23%"
"2021- 05- 28","2.132","2.133","2.156","2.125","0.95%"
"2021- 05- 27","2.112","2.123","2.160","2.092","-0.71%"
"2021- 05- 26","2.127","2.116","2.132","2.104","-0.09%"
"2021- 05- 25","2.129","2.110","2.131","2.106","0.42%"
"2021- 05- 24","2.120","2.113","2.151","2.113","0.14%"
"2021- 05- 23","2.117","2.117","2.117","2.117","0.00%"
"2021- 05- 22","2.117","2.117","2.117","2.117","-0.33%"
"2021- 05- 21","2.124","2.124","2.129","2.119","-0.52%"
"2021- 05- 20","2.135","2.136","2.146","2.129","0.71%"
"2021- 05- 19","2.120","2.120","2.120","2.120","0.09%"
"2021- 05- 18","2.118","2.134","2.145","2.118","0.05%"
"2021- 05- 17","2.117","2.137","2.141","2.111","-1.76%"
"2021- 05- 16","2.155","2.155","2.155","2.155","0.00%"
"2021- 05- 15","2.155","2.155","2.155","2.155","-0.23%"
"2021- 05- 14","2.160","2.156","2.164","2.143","0.19%"
"2021- 05- 13","2.156","2.154","2.170","2.148","1.46%"
"2021- 05- 12","2.125","2.156","2.160","2.119","-0.65%"
"2021- 05- 11","2.139","2.139","2.147","2.123","0.23%"
"2021- 05- 10","2.134","2.122","2.151","2.121","0.52%"
"2021- 05- 07","2.123","2.087","2.128","2.087","1.00%"
"2021- 05- 06","2.102","2.121","2.126","2.098","-1.31%"
"2021- 05- 05","2.130","2.130","2.130","2.130","0.00%"
"2021- 05- 04","2.130","2.106","2.139","2.094","0.28%"
"2021- 05- 03","2.124","2.136","2.156","2.106","-0.28%"
"2021- 05- 02","2.130","2.130","2.130","2.130","0.00%"
"2021- 05- 01","2.130","2.130","2.130","2.130","0.09%"
"2021- 04- 30","2.128","2.118","2.143","2.114","1.43%"
"2021- 04- 29","2.098","2.069","2.101","2.069","0.77%"
"2021- 04- 28","2.082","2.088","2.100","2.071","0.53%"
"2021- 04- 27","2.071","2.073","2.083","2.060","-0.86%"
"2021- 04- 26","2.089","2.031","2.092","2.023","2.15%"
"2021- 04- 25","2.045","2.045","2.045","2.045","0.00%"
"2021- 04- 24","2.045","2.045","2.045","2.045","0.10%"
"2021- 04- 23","2.043","1.999","2.064","1.992","2.71%"
"2021- 04- 22","1.989","2.008","2.008","1.983","-0.80%"
"2021- 04- 21","2.005","1.980","2.015","1.978","0.10%"
"2021- 04- 20","2.003","1.978","2.015","1.974","1.11%"
"2021- 04- 19","1.981","2.014","2.014","1.981","-2.03%"
"2021- 04- 18","2.022","2.022","2.022","2.022","0.00%"
"2021- 04- 17","2.022","2.022","2.022","2.022","-0.10%"
"2021- 04- 16","2.024","1.991","2.028","1.989","0.20%"
"2021- 04- 15","2.020","1.995","2.035","1.990","1.51%"
"2021- 04- 14","1.990","1.986","1.997","1.980","-1.87%"
"2021- 04- 13","2.028","2.003","2.036","1.982","1.15%"
"2021- 04- 12","2.005","2.040","2.051","1.999","-0.99%"
"2021- 04- 11","2.025","2.025","2.025","2.025","0.00%"
"2021- 04- 10","2.025","2.025","2.025","2.025","-0.25%"
"2021- 04- 09","2.030","2.014","2.046","1.986","0.89%"
"2021- 04- 08","2.012","2.070","2.070","2.008","-2.52%"
"2021- 04- 07","2.064","2.061","2.074","2.054","-0.19%"
"2021- 04- 06","2.068","2.082","2.082","2.058","-1.24%"
"2021- 04- 05","2.094","2.070","2.116","2.070","2.05%"
"2021- 04- 04","2.052","2.052","2.052","2.052","0.00%"
"2021- 04- 03","2.052","2.052","2.052","2.052","0.15%"
"2021- 04- 02","2.049","2.011","2.058","2.011","1.29%"
"2021- 04- 01","2.023","2.064","2.080","2.023","-1.65%"
"2021- 03- 31","2.057","2.035","2.079","2.034","-0.29%"
"2021- 03- 30","2.063","2.010","2.065","1.998","4.14%"
"2021- 03- 29","1.981","2.016","2.016","1.973","-1.44%"
"2021- 03- 28","2.010","2.010","2.010","2.010","0.00%"
"2021- 03- 27","2.010","2.010","2.010","2.010","0.30%"
"2021- 03- 26","2.004","1.983","2.007","1.976","1.88%"
"2021- 03- 25","1.967","2.004","2.025","1.958","-1.40%"
"2021- 03- 24","1.995","2.002","2.009","1.964","-1.77%"
"2021- 03- 23","2.031","2.058","2.066","2.017","-1.31%"
"2021- 03- 22","2.058","2.120","2.123","2.045","-2.70%"
"2021- 03- 21","2.115","2.115","2.115","2.115","0.00%"
"2021- 03- 20","2.115","2.115","2.115","2.115","0.81%"
"2021- 03- 19","2.098","2.195","2.207","2.098","-2.42%"
"2021- 03- 18","2.150","2.144","2.184","2.110","0.75%"
"2021- 03- 17","2.134","2.126","2.144","2.119","1.62%"
"2021- 03- 16","2.100","2.147","2.155","2.092","-2.51%"
"2021- 03- 15","2.154","2.130","2.180","2.119","2.33%"
"2021- 03- 14","2.105","2.105","2.105","2.105","0.00%"
"2021- 03- 13","2.105","2.105","2.105","2.105","0.72%"
"2021- 03- 12","2.090","2.048","2.092","2.032","3.06%"
"2021- 03- 11","2.028","2.020","2.039","2.005","-0.44%"
"2021- 03- 10","2.037","2.010","2.042","1.964","0.10%"
"2021- 03- 09","2.035","2.028","2.083","2.028","0.54%"
"2021- 03- 08","2.024","1.998","2.024","1.971","1.45%"
"2021- 03- 07","1.995","1.995","1.995","1.995","0.00%"
"2021- 03- 06","1.995","1.995","1.995","1.995","0.20%"
"2021- 03- 05","1.991","2.000","2.016","1.978","0.96%"
"2021- 03- 04","1.972","1.974","1.992","1.966","1.02%"
"2021- 03- 03","1.952","1.951","1.964","1.937","-0.71%"
"2021- 03- 02","1.966","1.933","1.966","1.928","-0.20%"
"2021- 03- 01","1.970","1.970","1.970","1.970","0.00%"
"2021- 02- 28","1.970","1.970","1.970","1.970","0.00%"
"2021- 02- 27","1.970","1.970","1.970","1.970","0.51%"
"2021- 02- 26","1.960","2.000","2.000","1.937","4.20%"
"2021- 02- 25","1.881","1.875","1.900","1.861","1.62%"
"2021- 02- 24","1.851","1.892","1.905","1.850","-3.09%"
"2021- 02- 23","1.910","1.915","1.934","1.910","-0.57%"
"2021- 02- 22","1.921","1.891","1.931","1.889","2.34%"
"2021- 02- 21","1.877","1.877","1.877","1.877","0.00%"
"2021- 02- 20","1.877","1.877","1.877","1.877","0.11%"
"2021- 02- 19","1.875","1.869","1.882","1.859","1.13%"
"2021- 02- 18","1.854","1.855","1.855","1.844","-0.43%"
"2021- 02- 17","1.862","1.895","1.898","1.862","0.65%"
"2021- 02- 16","1.850","1.859","1.868","1.848","-1.18%"
"2021- 02- 15","1.872","1.858","1.872","1.850","2.30%"
"2021- 02- 14","1.830","1.830","1.830","1.830","0.00%"
"2021- 02- 13","1.830","1.830","1.830","1.830","0.00%"
"2021- 02- 12","1.830","1.830","1.830","1.830","0.00%"
"2021- 02- 11","1.830","1.830","1.830","1.830","-0.05%"
"2021- 02- 10","1.831","1.818","1.834","1.812","1.05%"
"2021- 02- 09","1.812","1.814","1.824","1.808","-0.55%"
"2021- 02- 08","1.822","1.792","1.825","1.792","2.24%"
"2021- 02- 07","1.782","1.782","1.782","1.782","0.00%"
"2021- 02- 06","1.782","1.782","1.782","1.782","-0.61%"
"2021- 02- 05","1.793","1.788","1.812","1.777","-0.11%"
"2021- 02- 04","1.795","1.785","1.799","1.772","1.53%"
"2021- 02- 03","1.768","1.778","1.782","1.759","0.57%"
"2021- 02- 02","1.758","1.796","1.796","1.755","-2.55%"
"2021- 02- 01","1.804","1.779","1.815","1.774","2.21%"
"2021- 01- 31","1.765","1.765","1.765","1.765","0.00%"
"2021- 01- 30","1.765","1.765","1.765","1.765","-0.17%"
"2021- 01- 29","1.768","1.782","1.786","1.754","0.23%"
"2021- 01- 28","1.764","1.771","1.785","1.763","0.40%"
"2021- 01- 27","1.757","1.765","1.772","1.750","-0.73%"
"2021- 01- 26","1.770","1.765","1.782","1.762","-0.56%"
"2021- 01- 25","1.780","1.757","1.782","1.750","1.42%"
"2021- 01- 24","1.755","1.755","1.755","1.755","0.00%"
"2021- 01- 23","1.755","1.755","1.755","1.755","-0.23%"
"2021- 01- 22","1.759","1.730","1.761","1.727","2.99%"
"2021- 01- 21","1.708","1.707","1.716","1.703","0.29%"
"2021- 01- 20","1.703","1.706","1.709","1.698","-0.47%"
"2021- 01- 19","1.711","1.719","1.723","1.706","-0.23%"
"2021- 01- 18","1.715","1.724","1.731","1.711","-0.87%"
"2021- 01- 17","1.730","1.730","1.730","1.730","0.00%"
"2021- 01- 16","1.730","1.730","1.730","1.730","-0.06%"
"2021- 01- 15","1.731","1.734","1.740","1.708","-0.17%"
"2021- 01- 14","1.734","1.712","1.742","1.710","0.87%"
"2021- 01- 13","1.719","1.703","1.732","1.698","0.06%"
"2021- 01- 12","1.718","1.698","1.732","1.698","1.48%"
"2021- 01- 11","1.693","1.726","1.726","1.693","-1.57%"
"2021- 01- 10","1.720","1.720","1.720","1.720","0.00%"
"2021- 01- 09","1.720","1.720","1.720","1.720","-0.75%"
"2021- 01- 08","1.733","1.733","1.743","1.732","0.46%"
"2021- 01- 07","1.725","1.725","1.750","1.724","-0.35%"
"2021- 01- 06","1.731","1.701","1.736","1.682","2.43%"
"2021- 01- 05","1.690","1.723","1.737","1.689","-1.80%"
"2021- 01- 04","1.721","1.725","1.731","1.708","-0.06%"
"2021- 01- 03","1.722","1.722","1.722","1.722","0.00%"
"2021- 01- 02","1.722","1.722","1.722","1.722","0.00%"
"2021- 01- 01","1.722","1.722","1.722","1.722","0.00%"
"2020- 12- 31","1.722","1.722","1.722","1.722","0.58%"
"2020- 12- 30","1.712","1.717","1.729","1.712","0.82%"
"2020- 12- 29","1.698","1.676","1.710","1.675","1.01%"
"2020- 12- 28","1.681","1.686","1.690","1.671","-0.65%"
"2020- 12- 27","1.692","1.692","1.692","1.692","0.00%"
"2020- 12- 26","1.692","1.692","1.692","1.692","0.00%"
"2020- 12- 25","1.692","1.692","1.692","1.692","0.59%"
"2020- 12- 24","1.682","1.662","1.682","1.661","2.56%"
"2020- 12- 23","1.640","1.654","1.660","1.639","-1.03%"
"2020- 12- 22","1.657","1.675","1.683","1.645","-1.31%"
"2020- 12- 21","1.679","1.703","1.717","1.677","-1.64%"
"2020- 12- 20","1.707","1.707","1.707","1.707","0.00%"
"2020- 12- 19","1.707","1.707","1.707","1.707","0.41%"
"2020- 12- 18","1.700","1.723","1.735","1.700","-1.96%"
"2020- 12- 17","1.734","1.692","1.740","1.692","2.85%"
"2020- 12- 16","1.686","1.670","1.693","1.663","0.84%"
"2020- 12- 15","1.672","1.669","1.678","1.652","0.00%"
"2020- 12- 14","1.672","1.652","1.674","1.643","0.91%"
"2020- 12- 13","1.657","1.657","1.657","1.657","0.00%"
"2020- 12- 12","1.657","1.657","1.657","1.657","-0.36%"
"2020- 12- 11","1.663","1.651","1.664","1.651","0.54%"
"2020- 12- 10","1.654","1.651","1.667","1.645","-0.30%"
"2020- 12- 09","1.659","1.652","1.662","1.652","1.04%"
"2020- 12- 08","1.642","1.644","1.659","1.630","-0.30%"
"2020- 12- 07","1.647","1.681","1.681","1.639","-1.02%"
"2020- 12- 06","1.664","1.664","1.664","1.664","0.00%"
"2020- 12- 05","1.664","1.664","1.664","1.664","0.85%"
"2020- 12- 04","1.650","1.650","1.664","1.640","-1.32%"
"2020- 12- 03","1.672","1.660","1.680","1.658","-0.18%"
"2020- 12- 02","1.675","1.680","1.689","1.670","1.45%"
"2020- 12- 01","1.651","1.663","1.663","1.638","-0.36%"
"2020- 11- 30","1.657","1.639","1.663","1.632","1.04%"
"2020- 11- 29","1.640","1.640","1.640","1.640","0.00%"
"2020- 11- 28","1.640","1.640","1.640","1.640","-0.12%"
"2020- 11- 27","1.642","1.638","1.647","1.620","-0.91%"
"2020- 11- 26","1.657","1.632","1.658","1.627","1.84%"
"2020- 11- 25","1.627","1.605","1.653","1.605","1.69%"
"2020- 11- 24","1.600","1.600","1.608","1.588","1.20%"
"2020- 11- 23","1.581","1.596","1.600","1.571","-1.92%"
"2020- 11- 22","1.612","1.612","1.612","1.612","0.00%"
"2020- 11- 21","1.612","1.612","1.612","1.612","0.44%"
"2020- 11- 20","1.605","1.592","1.613","1.592","0.19%"
"2020- 11- 19","1.602","1.602","1.617","1.592","0.00%"
"2020- 11- 18","1.602","1.608","1.611","1.599","-1.05%"
"2020- 11- 17","1.619","1.616","1.639","1.607","-0.31%"
"2020- 11- 16","1.624","1.641","1.645","1.612","-0.18%"
"2020- 11- 15","1.627","1.627","1.627","1.627","0.00%"
"2020- 11- 14","1.627","1.627","1.627","1.627","0.00%"
"2020- 11- 13","1.627","1.623","1.647","1.620","-1.45%"
"2020- 11- 12","1.651","1.638","1.652","1.629","-0.42%"
"2020- 11- 11","1.658","1.634","1.660","1.621","2.28%"
"2020- 11- 10","1.621","1.637","1.640","1.616","3.38%"
"2020- 11- 09","1.568","1.587","1.596","1.567","0.19%"
"2020- 11- 08","1.565","1.565","1.565","1.565","0.00%"
"2020- 11- 07","1.565","1.565","1.565","1.565","0.45%"
"2020- 11- 06","1.558","1.542","1.565","1.538","2.03%"
"2020- 11- 05","1.527","1.539","1.547","1.526","-2.86%"
"2020- 11- 04","1.572","1.633","1.645","1.556","-2.12%"
"2020- 11- 03","1.606","1.592","1.609","1.582","0.12%"
"2020- 11- 02","1.604","1.568","1.609","1.567","3.35%"
"2020- 11- 01","1.552","1.552","1.552","1.552","0.00%"
"2020- 10- 31","1.552","1.552","1.552","1.552","0.65%"
"2020- 10- 30","1.542","1.539","1.557","1.533","0.85%"
"2020- 10- 29","1.529","1.515","1.529","1.506","2.07%"
"2020- 10- 28","1.498","1.486","1.499","1.478","-0.27%"
"2020- 10- 27","1.502","1.479","1.510","1.479","1.28%"
"2020- 10- 26","1.483","1.481","1.492","1.469","-0.80%"
"2020- 10- 25","1.495","1.495","1.495","1.495","0.00%"
"2020- 10- 24","1.495","1.495","1.495","1.495","0.07%"
"2020- 10- 23","1.494","1.529","1.545","1.483","-0.93%"
"2020- 10- 22","1.508","1.513","1.514","1.499","-1.05%"
"2020- 10- 21","1.524","1.469","1.524","1.469","4.31%"
"2020- 10- 20","1.461","1.438","1.464","1.432","1.39%"
"2020- 10- 19","1.441","1.525","1.525","1.432","-3.93%"
"2020- 10- 18","1.500","1.500","1.500","1.500","0.00%"
"2020- 10- 17","1.500","1.500","1.500","1.500","0.74%"
"2020- 10- 16","1.489","1.485","1.505","1.484","0.47%"
"2020- 10- 15","1.482","1.498","1.500","1.468","-2.05%"
"2020- 10- 14","1.513","1.505","1.527","1.498","-1.05%"
"2020- 10- 13","1.529","1.545","1.546","1.526","-1.55%"
"2020- 10- 12","1.553","1.539","1.560","1.539","0.78%"
"2020- 10- 11","1.541","1.541","1.541","1.541","0.00%"
"2020- 10- 10","1.541","1.541","1.541","1.541","0.00%"
"2020- 10- 09","1.541","1.541","1.541","1.541","-0.19%"
"2020- 10- 08","1.544","1.530","1.554","1.530","0.72%"
"2020- 10- 07","1.533","1.515","1.533","1.512","0.13%"
"2020- 10- 06","1.531","1.512","1.543","1.505","3.52%"
"2020- 10- 05","1.479","1.450","1.479","1.450","3.64%"
"2020- 10- 04","1.427","1.427","1.427","1.427","0.00%"
"2020- 10- 03","1.427","1.427","1.427","1.427","0.00%"
"2020- 10- 02","1.427","1.427","1.427","1.427","0.00%"
"2020- 10- 01","1.427","1.427","1.427","1.427","0.00%"
"2020- 09- 30","1.427","1.427","1.427","1.427","-0.21%"
"2020- 09- 29","1.430","1.418","1.448","1.412","0.28%"
"2020- 09- 28","1.426","1.429","1.434","1.409","-0.07%"
"2020- 09- 27","1.427","1.427","1.427","1.427","0.00%"
"2020- 09- 26","1.427","1.427","1.427","1.427","0.28%"
"2020- 09- 25","1.423","1.425","1.445","1.421","-1.32%"
"2020- 09- 24","1.442","1.442","1.463","1.435","-0.28%"
"2020- 09- 23","1.446","1.466","1.477","1.432","-1.90%"
"2020- 09- 22","1.474","1.481","1.481","1.465","-1.27%"
"2020- 09- 21","1.493","1.511","1.512","1.485","-0.80%"
"2020- 09- 20","1.505","1.505","1.505","1.505","0.00%"
"2020- 09- 19","1.505","1.505","1.505","1.505","0.20%"
"2020- 09- 18","1.502","1.513","1.516","1.482","-0.60%"
"2020- 09- 17","1.511","1.485","1.515","1.485","1.75%"
"2020- 09- 16","1.485","1.496","1.507","1.480","-1.26%"
"2020- 09- 15","1.504","1.504","1.516","1.489","-0.92%"
"2020- 09- 14","1.518","1.532","1.544","1.507","-0.91%"
"2020- 09- 13","1.532","1.532","1.532","1.532","0.20%"
"2020- 09- 11","1.529","1.507","1.533","1.507","0.86%"
"2020- 09- 10","1.516","1.521","1.521","1.490","-0.13%"
"2020- 09- 09","1.518","1.503","1.532","1.500","-2.44%"
"2020- 09- 08","1.556","1.564","1.572","1.533","-0.95%"
"2020- 09- 07","1.571","1.580","1.580","1.550","2.01%"
"2020- 09- 06","1.540","1.540","1.540","1.540","0.00%"
"2020- 09- 05","1.540","1.540","1.540","1.540","1.05%"
"2020- 09- 04","1.524","1.513","1.549","1.513","0.13%"
"2020- 09- 03","1.522","1.537","1.557","1.515","-1.10%"
"2020- 09- 02","1.539","1.565","1.598","1.530","-2.90%"
"2020- 09- 01","1.585","1.528","1.599","1.523","4.76%"
"2020- 08- 31","1.513","1.478","1.525","1.478","1.89%"
"2020- 08- 30","1.485","1.485","1.485","1.485","0.00%"
"2020- 08- 29","1.485","1.485","1.485","1.485","-0.07%"
"2020- 08- 28","1.486","1.450","1.502","1.450","4.57%"
"2020- 08- 27","1.421","1.386","1.438","1.367","1.14%"
"2020- 08- 26","1.405","1.399","1.419","1.393","1.30%"
"2020- 08- 25","1.387","1.379","1.396","1.373","0.73%"
"2020- 08- 24","1.377","1.405","1.405","1.374","-2.34%"
"2020- 08- 23","1.410","1.410","1.410","1.410","0.00%"
"2020- 08- 22","1.410","1.410","1.410","1.410","0.00%"
"2020- 08- 21","1.410","1.375","1.415","1.373","2.25%"
"2020- 08- 20","1.379","1.361","1.382","1.360","2.45%"
"2020- 08- 19","1.346","1.348","1.379","1.339","-0.81%"
"2020- 08- 18","1.357","1.394","1.401","1.354","-3.07%"
"2020- 08- 17","1.400","1.400","1.400","1.400","0.00%"
"2020- 08- 16","1.400","1.400","1.400","1.400","0.00%"
"2020- 08- 15","1.400","1.400","1.400","1.400","0.43%"
"2020- 08- 14","1.394","1.384","1.405","1.381","2.27%"
"2020- 08- 13","1.363","1.370","1.375","1.354","-0.51%"
"2020- 08- 12","1.370","1.368","1.385","1.359","1.86%"
"2020- 08- 11","1.345","1.351","1.379","1.345","-1.39%"
"2020- 08- 10","1.364","1.345","1.367","1.343","2.79%"
"2020- 08- 09","1.327","1.327","1.327","1.327","0.00%"
"2020- 08- 08","1.327","1.327","1.327","1.327","0.61%"
"2020- 08- 07","1.319","1.307","1.322","1.298","1.00%"
"2020- 08- 06","1.306","1.300","1.313","1.299","1.08%"
"2020- 08- 05","1.292","1.289","1.292","1.276","-1.07%"
"2020- 08- 04","1.306","1.313","1.321","1.299","-0.08%"
"2020- 08- 03","1.307","1.293","1.309","1.286","0.93%"
"2020- 08- 02","1.295","1.295","1.295","1.295","0.00%"
"2020- 08- 01","1.295","1.295","1.295","1.295","-0.15%"
"2020- 07- 31","1.297","1.273","1.297","1.258","1.09%"
"2020- 07- 30","1.283","1.301","1.302","1.280","-2.06%"
"2020- 07- 29","1.310","1.305","1.318","1.302","-1.43%"
"2020- 07- 28","1.329","1.300","1.334","1.299","1.76%"
"2020- 07- 27","1.306","1.312","1.317","1.291","0.31%"
"2020- 07- 26","1.302","1.302","1.302","1.302","0.00%"
"2020- 07- 25","1.302","1.302","1.302","1.302","-0.23%"
"2020- 07- 24","1.305","1.312","1.312","1.293","-0.91%"
"2020- 07- 23","1.317","1.335","1.342","1.313","-2.23%"
"2020- 07- 22","1.347","1.343","1.357","1.339","-0.66%"
"2020- 07- 21","1.356","1.323","1.358","1.321","1.65%"
"2020- 07- 20","1.334","1.354","1.358","1.334","-1.19%"
"2020- 07- 19","1.350","1.350","1.350","1.350","0.00%"
"2020- 07- 18","1.350","1.350","1.350","1.350","0.15%"
"2020- 07- 17","1.348","1.367","1.368","1.345","-2.46%"
"2020- 07- 16","1.382","1.413","1.423","1.380","-2.40%"
"2020- 07- 15","1.416","1.410","1.428","1.406","-0.21%"
"2020- 07- 14","1.419","1.410","1.425","1.397","-0.07%"
"2020- 07- 13","1.420","1.410","1.426","1.410","1.65%"
"2020- 07- 12","1.397","1.397","1.397","1.397","0.00%"
"2020- 07- 10","1.397","1.387","1.400","1.378","0.43%"
"2020- 07- 09","1.391","1.377","1.397","1.376","0.94%"
"2020- 07- 08","1.378","1.389","1.399","1.373","-0.65%"
"2020- 07- 07","1.387","1.404","1.408","1.386","-1.56%"
"2020- 07- 06","1.409","1.392","1.423","1.392","1.95%"
"2020- 07- 05","1.382","1.382","1.382","1.382","0.00%"
"2020- 07- 04","1.382","1.382","1.382","1.382","-0.43%"
"2020- 07- 03","1.388","1.376","1.391","1.370","0.73%"
"2020- 07- 02","1.378","1.392","1.392","1.370","-1.99%"
"2020- 07- 01","1.406","1.380","1.414","1.359","2.70%"
"2020- 06- 30","1.369","1.361","1.378","1.354","0.29%"
"2020- 06- 29","1.365","1.322","1.366","1.322","3.02%"
"2020- 06- 28","1.325","1.325","1.325","1.325","0.00%"
"2020- 06- 27","1.325","1.325","1.325","1.325","-0.15%"
"2020- 06- 26","1.327","1.337","1.346","1.315","-1.34%"
"2020- 06- 25","1.345","1.348","1.362","1.344","-1.32%"
"2020- 06- 24","1.363","1.377","1.377","1.348","-1.66%"
"2020- 06- 23","1.386","1.382","1.389","1.351","-0.36%"
"2020- 06- 22","1.391","1.386","1.409","1.386","0.07%"
"2020- 06- 21","1.390","1.390","1.390","1.390","0.00%"
"2020- 06- 20","1.390","1.390","1.390","1.390","0.87%"
"2020- 06- 19","1.378","1.383","1.390","1.365","0.58%"
"2020- 06- 18","1.370","1.394","1.395","1.365","-2.84%"
"2020- 06- 17","1.410","1.408","1.441","1.394","0.71%"
"2020- 06- 16","1.400","1.418","1.440","1.392","-1.69%"
"2020- 06- 15","1.424","1.384","1.441","1.369","3.19%"
"2020- 06- 14","1.380","1.380","1.380","1.380","0.00%"
"2020- 06- 13","1.380","1.380","1.380","1.380","-0.58%"
"2020- 06- 12","1.388","1.353","1.399","1.353","0.51%"
"2020- 06- 11","1.381","1.359","1.389","1.345","-1.15%"
"2020- 06- 10","1.397","1.391","1.420","1.389","1.60%"
"2020- 06- 09","1.375","1.430","1.435","1.375","-5.63%"
"2020- 06- 08","1.457","1.472","1.472","1.420","-0.21%"
"2020- 06- 07","1.460","1.460","1.460","1.460","0.00%"
"2020- 06- 06","1.460","1.460","1.460","1.460","0.76%"
"2020- 06- 05","1.449","1.451","1.460","1.439","1.19%"
"2020- 06- 04","1.432","1.424","1.447","1.400","0.42%"
"2020- 06- 03","1.426","1.372","1.433","1.356","2.81%"
"2020- 06- 02","1.387","1.413","1.434","1.387","-0.22%"
"2020- 06- 01","1.390","1.381","1.397","1.373","1.83%"
"2020- 05- 31","1.365","1.365","1.365","1.365","0.00%"
"2020- 05- 30","1.365","1.365","1.365","1.365","-0.80%"
"2020- 05- 29","1.376","1.346","1.385","1.319","2.69%"
"2020- 05- 28","1.340","1.323","1.360","1.225","-0.37%"
"2020- 05- 27","1.345","1.323","1.349","1.312","1.51%"
"2020- 05- 26","1.325","1.313","1.345","1.283","0.68%"
"2020- 05- 25","1.316","1.347","1.348","1.313","-1.79%"
"2020- 05- 24","1.340","1.340","1.340","1.340","0.00%"
"2020- 05- 23","1.340","1.340","1.340","1.340","-0.74%"
"2020- 05- 22","1.350","1.341","1.383","1.306","0.60%"
"2020- 05- 21","1.342","1.352","1.377","1.342","-1.03%"
"2020- 05- 20","1.356","1.384","1.392","1.353","-2.52%"
"2020- 05- 19","1.391","1.418","1.420","1.374","-0.07%"
"2020- 05- 18","1.392","1.390","1.400","1.383","1.09%"
"2020- 05- 17","1.377","1.377","1.377","1.377","0.00%"
"2020- 05- 16","1.377","1.377","1.377","1.377","-0.51%"
"2020- 05- 15","1.384","1.394","1.397","1.377","0.14%"
"2020- 05- 14","1.382","1.384","1.404","1.367","-0.72%"
"2020- 05- 13","1.392","1.404","1.412","1.376","-2.11%"
"2020- 05- 12","1.422","1.460","1.460","1.416","-2.67%"
"2020- 05- 11","1.461","1.433","1.461","1.433","2.53%"
"2020- 05- 10","1.425","1.425","1.425","1.425","0.00%"
"2020- 05- 09","1.425","1.425","1.425","1.425","-0.07%"
"2020- 05- 08","1.426","1.456","1.460","1.423","-4.04%"
"2020- 05- 07","1.486","1.516","1.519","1.469","-1.33%"
"2020- 05- 06","1.506","1.502","1.516","1.497","0.67%"
"2020- 05- 05","1.496","1.496","1.496","1.496","-0.20%"
"2020- 05- 04","1.499","1.517","1.523","1.484","-1.19%"
"2020- 05- 03","1.517","1.517","1.517","1.517","0.00%"
"2020- 05- 02","1.517","1.517","1.517","1.517","0.00%"
"2020- 05- 01","1.517","1.517","1.517","1.517","0.00%"
"2020- 04- 30","1.517","1.517","1.517","1.517","0.07%"
"2020- 04- 29","1.516","1.537","1.538","1.512","-3.01%"
"2020- 04- 28","1.563","1.580","1.603","1.555","-0.70%"
"2020- 04- 27","1.574","1.556","1.579","1.556","2.54%"
"2020- 04- 26","1.535","1.535","1.535","1.535","0.00%"
"2020- 04- 25","1.535","1.535","1.535","1.535","-1.03%"
"2020- 04- 24","1.551","1.534","1.585","1.534","0.39%"
"2020- 04- 23","1.545","1.555","1.555","1.504","1.25%"
"2020- 04- 22","1.526","1.440","1.538","1.437","4.59%"
"2020- 04- 21","1.459","1.420","1.515","1.420","0.83%"
"2020- 04- 20","1.447","1.446","1.451","1.417","-0.14%"
"2020- 04- 19","1.449","1.449","1.449","1.449","0.00%"
"2020- 04- 18","1.449","1.449","1.449","1.449","0.98%"
"2020- 04- 17","1.435","1.439","1.458","1.427","1.92%"
"2020- 04- 16","1.408","1.445","1.445","1.400","-3.69%"
"2020- 04- 15","1.462","1.462","1.462","1.462","-0.27%"
"2020- 04- 14","1.466","1.463","1.501","1.456","-0.14%"
"2020- 04- 13","1.468","1.455","1.472","1.448","0.89%"
"2020- 04- 12","1.455","1.455","1.455","1.455","0.00%"
"2020- 04- 11","1.455","1.455","1.455","1.455","0.97%"
"2020- 04- 10","1.441","1.442","1.461","1.415","0.42%"
"2020- 04- 09","1.435","1.515","1.550","1.428","-4.97%"
"2020- 04- 08","1.510","1.555","1.571","1.509","-4.43%"
"2020- 04- 07","1.580","1.546","1.585","1.529","2.46%"
"2020- 04- 06","1.542","1.565","1.592","1.506","-0.52%"
"2020- 04- 05","1.550","1.550","1.550","1.550","0.00%"
"2020- 04- 04","1.550","1.550","1.550","1.550","0.19%"
"2020- 04- 03","1.547","1.501","1.561","1.494","1.98%"
"2020- 04- 02","1.517","1.552","1.564","1.516","-1.56%"
"2020- 04- 01","1.541","1.550","1.556","1.497","-0.58%"
"2020- 03- 31","1.550","1.607","1.619","1.531","-0.64%"
"2020- 03- 30","1.560","1.521","1.560","1.495","1.50%"
"2020- 03- 29","1.537","1.537","1.537","1.537","0.00%"
"2020- 03- 28","1.537","1.537","1.537","1.537","0.33%"
"2020- 03- 27","1.532","1.491","1.542","1.444","2.20%"
"2020- 03- 26","1.499","1.627","1.627","1.499","-9.81%"
"2020- 03- 25","1.662","1.703","1.703","1.634","-2.29%"
"2020- 03- 24","1.701","1.673","1.701","1.643","-0.47%"
"2020- 03- 23","1.709","1.657","1.734","1.657","4.85%"
"2020- 03- 22","1.630","1.630","1.630","1.630","0.00%"
"2020- 03- 21","1.630","1.630","1.630","1.630","1.05%"
"2020- 03- 20","1.613","1.636","1.678","1.613","-2.54%"
"2020- 03- 19","1.655","1.530","1.716","1.526","10.48%"
"2020- 03- 18","1.498","1.470","1.500","1.430","3.88%"
"2020- 03- 17","1.442","1.499","1.549","1.419","-5.38%"
"2020- 03- 16","1.524","1.489","1.550","1.464","-5.87%"
"2020- 03- 15","1.619","1.619","1.619","1.619","0.00%"
"2020- 03- 14","1.619","1.619","1.619","1.619","3.25%"
"2020- 03- 13","1.568","1.526","1.623","1.460","13.13%"
"2020- 03- 12","1.386","1.418","1.420","1.357","1.02%"
"2020- 03- 11","1.372","1.380","1.412","1.324","1.40%"
"2020- 03- 10","1.353","1.303","1.364","1.303","4.24%"
"2020- 03- 09","1.298","1.285","1.360","1.253","-5.26%"
"2020- 03- 08","1.370","1.370","1.370","1.370","0.00%"
"2020- 03- 07","1.370","1.370","1.370","1.370","0.00%"
"2020- 03- 06","1.370","1.307","1.375","1.275","2.85%"
"2020- 03- 05","1.332","1.336","1.344","1.303","2.46%"
"2020- 03- 04","1.300","1.299","1.323","1.291","-5.04%"
"2020- 03- 03","1.369","1.418","1.418","1.359","-0.15%"
"2020- 03- 02","1.371","1.300","1.387","1.253","3.32%"
"2020- 03- 01","1.327","1.327","1.327","1.327","0.00%"
"2020- 02- 29","1.327","1.327","1.327","1.327","-0.52%"
"2020- 02- 28","1.334","1.417","1.419","1.333","-7.55%"
"2020- 02- 27","1.443","1.385","1.447","1.369","3.59%"
"2020- 02- 26","1.393","1.417","1.417","1.385","-2.11%"
"2020- 02- 25","1.423","1.424","1.457","1.411","0.57%"
"2020- 02- 24","1.415","1.400","1.420","1.387","-2.21%"
"2020- 02- 23","1.447","1.447","1.447","1.447","0.35%"
"2020- 02- 21","1.442","1.505","1.517","1.442","-4.25%"
"2020- 02- 20","1.506","1.555","1.561","1.503","-3.40%"
"2020- 02- 19","1.559","1.557","1.600","1.521","-0.13%"
"2020- 02- 18","1.561","1.609","1.611","1.551","-4.06%"
"2020- 02- 17","1.627","1.668","1.677","1.626","-1.81%"
"2020- 02- 16","1.657","1.657","1.657","1.657","0.30%"
"2020- 02- 14","1.652","1.611","1.663","1.605","2.48%"
"2020- 02- 13","1.612","1.601","1.630","1.596","0.00%"
"2020- 02- 12","1.612","1.603","1.627","1.592","0.56%"
"2020- 02- 11","1.603","1.590","1.614","1.581","-0.12%"
"2020- 02- 10","1.605","1.582","1.610","1.570","0.19%"
"2020- 02- 09","1.602","1.602","1.602","1.602","0.00%"
"2020- 02- 08","1.602","1.602","1.602","1.602","0.00%"
"2020- 02- 07","1.602","1.615","1.617","1.585","-1.96%"
"2020- 02- 06","1.634","1.628","1.650","1.602","2.06%"
"2020- 02- 05","1.601","1.640","1.643","1.588","-1.54%"
"2020- 02- 04","1.626","1.580","1.628","1.577","5.17%"
"2020- 02- 03","1.546","1.520","1.548","1.520","-1.02%"
"2020- 02- 02","1.562","1.562","1.562","1.562","0.00%"
"2020- 02- 01","1.562","1.562","1.562","1.562","0.45%"
"2020- 01- 31","1.555","1.575","1.580","1.550","0.32%"
"2020- 01- 30","1.550","1.563","1.565","1.522","-2.27%"
"2020- 01- 29","1.586","1.620","1.624","1.582","-1.06%"
"2020- 01- 28","1.603","1.580","1.606","1.572","-5.71%"
"2020- 01- 27","1.700","1.700","1.700","1.700","0.00%"
"2020- 01- 26","1.700","1.700","1.700","1.700","0.00%"
"2020- 01- 25","1.700","1.700","1.700","1.700","0.00%"
"2020- 01- 24","1.700","1.700","1.700","1.700","-0.29%"
"2020- 01- 23","1.705","1.713","1.713","1.675","-1.04%"
"2020- 01- 22","1.723","1.699","1.739","1.693","2.07%"
"2020- 01- 21","1.688","1.759","1.769","1.684","-4.47%"
"2020- 01- 20","1.767","1.756","1.785","1.756","1.55%"
"2020- 01- 19","1.740","1.740","1.740","1.740","0.00%"
"2020- 01- 18","1.740","1.740","1.740","1.740","-0.29%"
"2020- 01- 17","1.745","1.704","1.756","1.689","2.65%"
"2020- 01- 16","1.700","1.688","1.704","1.662","0.53%"
"2020- 01- 15","1.691","1.707","1.717","1.686","-1.46%"
"2020- 01- 14","1.716","1.746","1.756","1.711","-0.92%"
"2020- 01- 13","1.732","1.694","1.753","1.686","1.35%"
"2020- 01- 12","1.709","1.709","1.709","1.709","0.00%"
"2020- 01- 11","1.709","1.709","1.709","1.709","0.18%"
"2020- 01- 10","1.706","1.669","1.719","1.663","1.07%"
"2020- 01- 09","1.688","1.661","1.691","1.631","3.69%"
"2020- 01- 08","1.628","1.590","1.631","1.561","0.74%"
"2020- 01- 07","1.616","1.589","1.623","1.586","5.14%"
"2020- 01- 06","1.537","1.547","1.551","1.510","-1.47%"
"2020- 01- 05","1.560","1.560","1.560","1.560","0.00%"
"2020- 01- 04","1.560","1.560","1.560","1.560","0.52%"
"2020- 01- 03","1.552","1.632","1.635","1.552","-5.25%"
"2020- 01- 02","1.638","1.700","1.704","1.612","-2.03%"
"2020- 01- 01","1.672","1.672","1.672","1.672","0.00%"
"2019- 12- 31","1.672","1.672","1.672","1.672","-0.89%"
"2019- 12- 30","1.687","1.672","1.695","1.672","0.30%"
"2019- 12- 29","1.682","1.682","1.682","1.682","0.00%"
"2019- 12- 28","1.682","1.682","1.682","1.682","-0.18%"
"2019- 12- 27","1.685","1.676","1.685","1.664","2.49%"
"2019- 12- 26","1.644","1.635","1.648","1.624","0.74%"
"2019- 12- 25","1.632","1.632","1.632","1.632","0.06%"
"2019- 12- 24","1.631","1.650","1.650","1.625","-0.67%"
"2019- 12- 23","1.642","1.658","1.659","1.638","-1.38%"
"2019- 12- 22","1.665","1.665","1.665","1.665","0.00%"
"2019- 12- 21","1.665","1.665","1.665","1.665","-0.66%"
"2019- 12- 20","1.676","1.657","1.702","1.642","1.21%"
"2019- 12- 19","1.656","1.637","1.668","1.632","3.05%"
"2019- 12- 18","1.607","1.600","1.626","1.599","0.06%"
"2019- 12- 17","1.606","1.633","1.637","1.589","-0.56%"
"2019- 12- 16","1.615","1.621","1.630","1.607","-2.24%"
"2019- 12- 15","1.652","1.652","1.652","1.652","0.00%"
"2019- 12- 14","1.652","1.652","1.652","1.652","0.24%"
"2019- 12- 13","1.648","1.692","1.693","1.636","1.67%"
"2019- 12- 12","1.621","1.611","1.626","1.597","0.00%"
"2019- 12- 11","1.621","1.626","1.638","1.611","0.62%"
"2019- 12- 10","1.611","1.638","1.650","1.611","-3.48%"
"2019- 12- 09","1.669","1.710","1.710","1.669","-0.95%"
"2019- 12- 08","1.685","1.685","1.685","1.685","0.00%"
"2019- 12- 07","1.685","1.685","1.685","1.685","0.42%"
"2019- 12- 06","1.678","1.683","1.694","1.658","0.96%"
"2019- 12- 05","1.662","1.680","1.686","1.646","0.12%"
"2019- 12- 04","1.660","1.666","1.698","1.653","-4.43%"
"2019- 12- 03","1.737","1.681","1.740","1.681","3.27%"
"2019- 12- 02","1.682","1.654","1.698","1.654","2.87%"
"2019- 12- 01","1.635","1.635","1.635","1.635","0.00%"
"2019- 11- 30","1.635","1.635","1.635","1.635","0.49%"
"2019- 11- 29","1.627","1.653","1.669","1.615","-2.52%"
"2019- 11- 28","1.669","1.666","1.681","1.648","-0.18%"
"2019- 11- 27","1.672","1.692","1.693","1.663","-2.22%"
"2019- 11- 26","1.710","1.734","1.743","1.707","-0.93%"
"2019- 11- 25","1.726","1.711","1.730","1.696","1.65%"
"2019- 11- 24","1.698","1.698","1.698","1.698","0.00%"
"2019- 11- 23","1.698","1.698","1.698","1.698","0.83%"
"2019- 11- 22","1.684","1.684","1.713","1.680","1.02%"
"2019- 11- 21","1.667","1.666","1.691","1.631","-0.36%"
"2019- 11- 20","1.673","1.706","1.709","1.673","-3.68%"
"2019- 11- 19","1.737","1.770","1.770","1.721","-2.53%"
"2019- 11- 18","1.782","1.780","1.799","1.777","-0.72%"
"2019- 11- 17","1.795","1.795","1.795","1.795","0.00%"
"2019- 11- 16","1.795","1.795","1.795","1.795","0.45%"
"2019- 11- 15","1.787","1.770","1.799","1.769","-0.06%"
"2019- 11- 14","1.788","1.772","1.800","1.766","-0.22%"
"2019- 11- 13","1.792","1.810","1.833","1.781","-2.71%"
"2019- 11- 12","1.842","1.796","1.850","1.755","3.19%"
"2019- 11- 11","1.785","1.826","1.860","1.781","-0.83%"
"2019- 11- 10","1.800","1.800","1.800","1.800","0.00%"
"2019- 11- 09","1.800","1.800","1.800","1.800","-0.28%"
"2019- 11- 08","1.805","1.890","1.919","1.805","-0.50%"
"2019- 11- 07","1.814","1.813","1.830","1.798","-0.60%"
"2019- 11- 06","1.825","1.854","1.876","1.825","0.44%"
"2019- 11- 05","1.817","1.841","1.912","1.817","-0.38%"
"2019- 11- 04","1.824","1.754","1.831","1.753","4.83%"
"2019- 11- 03","1.740","1.740","1.740","1.740","0.00%"
"2019- 11- 02","1.740","1.740","1.740","1.740","0.52%"
"2019- 11- 01","1.731","1.696","1.738","1.683","0.17%"
"2019- 10- 31","1.728","1.731","1.744","1.713","-1.76%"
"2019- 10- 30","1.759","1.770","1.776","1.717","-1.35%"
"2019- 10- 29","1.783","1.779","1.813","1.763","1.08%"
"2019- 10- 28","1.764","1.695","1.772","1.694","4.69%"
"2019- 10- 27","1.685","1.685","1.685","1.685","0.84%"
"2019- 10- 25","1.671","1.647","1.680","1.639","2.01%"
"2019- 10- 24","1.638","1.629","1.670","1.629","-1.09%"
"2019- 10- 23","1.656","1.640","1.665","1.624","-0.18%"
"2019- 10- 22","1.659","1.660","1.689","1.648","0.00%"
"2019- 10- 21","1.659","1.592","1.661","1.592","4.21%"
"2019- 10- 20","1.592","1.592","1.592","1.592","0.00%"
"2019- 10- 19","1.592","1.592","1.592","1.592","0.38%"
"2019- 10- 18","1.586","1.575","1.596","1.568","0.63%"
"2019- 10- 17","1.576","1.516","1.593","1.515","3.01%"
"2019- 10- 16","1.530","1.530","1.552","1.511","2.48%"
"2019- 10- 15","1.493","1.490","1.501","1.466","0.27%"
"2019- 10- 14","1.489","1.506","1.516","1.489","0.27%"
"2019- 10- 13","1.485","1.485","1.485","1.485","0.00%"
"2019- 10- 12","1.485","1.485","1.485","1.485","-0.54%"
"2019- 10- 11","1.493","1.494","1.524","1.490","2.47%"
"2019- 10- 10","1.457","1.417","1.462","1.394","2.46%"
"2019- 10- 09","1.422","1.422","1.422","1.422","-0.77%"
"2019- 10- 08","1.433","1.405","1.440","1.404","3.84%"
"2019- 10- 07","1.380","1.371","1.405","1.360","0.58%"
"2019- 10- 06","1.372","1.372","1.372","1.372","0.00%"
"2019- 10- 05","1.372","1.372","1.372","1.372","-0.07%"
"2019- 10- 04","1.373","1.444","1.444","1.373","-8.28%"
"2019- 10- 03","1.497","1.497","1.497","1.497","0.00%"
"2019- 10- 02","1.497","1.460","1.503","1.460","-0.13%"
"2019- 10- 01","1.499","1.445","1.521","1.442","2.95%"
"2019- 09- 30","1.456","1.436","1.460","1.435","0.62%"
"2019- 09- 29","1.447","1.447","1.447","1.447","0.00%"
"2019- 09- 28","1.447","1.447","1.447","1.447","0.56%"
"2019- 09- 27","1.439","1.435","1.447","1.427","0.49%"
"2019- 09- 26","1.432","1.441","1.450","1.429","0.56%"
"2019- 09- 25","1.424","1.414","1.433","1.412","-2.33%"
"2019- 09- 24","1.458","1.456","1.480","1.441","-0.27%"
"2019- 09- 23","1.462","1.448","1.469","1.436","0.34%"
"2019- 09- 22","1.457","1.457","1.457","1.457","0.00%"
"2019- 09- 21","1.457","1.457","1.457","1.457","0.14%"
"2019- 09- 20","1.455","1.460","1.472","1.452","-0.48%"
"2019- 09- 19","1.462","1.455","1.482","1.433","-0.48%"
"2019- 09- 18","1.469","1.481","1.496","1.461","-2.13%"
"2019- 09- 17","1.501","1.503","1.524","1.477","-2.28%"
"2019- 09- 16","1.536","1.449","1.540","1.447","9.56%"
"2019- 09- 15","1.402","1.402","1.402","1.402","0.00%"
"2019- 09- 14","1.402","1.402","1.402","1.402","0.00%"
"2019- 09- 13","1.402","1.402","1.402","1.402","0.00%"
"2019- 09- 12","1.402","1.402","1.402","1.402","0.43%"
"2019- 09- 11","1.396","1.392","1.404","1.384","1.45%"
"2019- 09- 10","1.376","1.378","1.395","1.372","1.78%"
"2019- 09- 09","1.352","1.350","1.371","1.350","-2.03%"
"2019- 09- 08","1.380","1.380","1.380","1.380","0.00%"
"2019- 09- 07","1.380","1.380","1.380","1.380","-0.14%"
"2019- 09- 06","1.382","1.383","1.402","1.379","0.73%"
"2019- 09- 05","1.372","1.336","1.389","1.329","1.48%"
"2019- 09- 04","1.352","1.297","1.356","1.297","1.43%"
"2019- 09- 03","1.333","1.329","1.348","1.315","-1.11%"
"2019- 09- 02","1.348","1.292","1.354","1.286","4.09%"
"2019- 09- 01","1.295","1.295","1.295","1.295","0.00%"
"2019- 08- 31","1.295","1.295","1.295","1.295","1.73%"
"2019- 08- 30","1.273","1.256","1.300","1.241","2.00%"
"2019- 08- 29","1.248","1.257","1.257","1.238","0.16%"
"2019- 08- 28","1.246","1.233","1.288","1.223","0.89%"
"2019- 08- 27","1.235","1.208","1.269","1.204","3.78%"
"2019- 08- 26","1.190","1.171","1.199","1.169","-4.95%"
"2019- 08- 25","1.252","1.252","1.252","1.252","0.00%"
"2019- 08- 24","1.252","1.252","1.252","1.252","-0.87%"
"2019- 08- 23","1.263","1.245","1.285","1.240","2.77%"
"2019- 08- 22","1.229","1.263","1.267","1.227","-3.76%"
"2019- 08- 21","1.277","1.183","1.287","1.182","6.59%"
"2019- 08- 20","1.198","1.183","1.207","1.183","1.18%"
"2019- 08- 19","1.184","1.181","1.191","1.176","1.20%"
"2019- 08- 18","1.170","1.170","1.170","1.170","0.00%"
"2019- 08- 17","1.170","1.170","1.170","1.170","-0.17%"
"2019- 08- 16","1.172","1.160","1.173","1.147","-4.33%"
"2019- 08- 15","1.225","1.225","1.225","1.225","-0.65%"
"2019- 08- 14","1.233","1.245","1.246","1.225","0.24%"
"2019- 08- 13","1.230","1.250","1.257","1.230","-4.35%"
"2019- 08- 12","1.286","1.284","1.288","1.278","0.47%"
"2019- 08- 11","1.280","1.280","1.280","1.280","0.00%"
"2019- 08- 10","1.280","1.280","1.280","1.280","-0.70%"
"2019- 08- 09","1.289","1.269","1.294","1.263","1.58%"
"2019- 08- 08","1.269","1.263","1.275","1.252","1.44%"
"2019- 08- 07","1.251","1.243","1.258","1.222","-0.40%"
"2019- 08- 06","1.256","1.215","1.294","1.199","0.32%"
"2019- 08- 05","1.252","1.330","1.333","1.252","-6.57%"
"2019- 08- 04","1.340","1.340","1.340","1.340","0.00%"
"2019- 08- 03","1.340","1.340","1.340","1.340","-0.89%"
"2019- 08- 02","1.352","1.343","1.354","1.325","-3.77%"
"2019- 08- 01","1.405","1.403","1.410","1.388","1.01%"
"2019- 07- 31","1.391","1.407","1.410","1.391","-1.07%"
"2019- 07- 30","1.406","1.416","1.426","1.395","-0.14%"
"2019- 07- 29","1.408","1.412","1.418","1.408","-0.85%"
"2019- 07- 28","1.420","1.420","1.420","1.420","0.00%"
"2019- 07- 27","1.420","1.420","1.420","1.420","-0.28%"
"2019- 07- 26","1.424","1.430","1.431","1.412","-0.63%"
"2019- 07- 25","1.433","1.450","1.451","1.428","-2.25%"
"2019- 07- 24","1.466","1.478","1.480","1.456","-0.27%"
"2019- 07- 23","1.470","1.459","1.470","1.454","0.34%"
"2019- 07- 22","1.465","1.459","1.471","1.455","0.00%"
"2019- 07- 21","1.465","1.465","1.465","1.465","0.00%"
"2019- 07- 20","1.465","1.465","1.465","1.465","0.76%"
"2019- 07- 19","1.454","1.478","1.478","1.440","-1.09%"
"2019- 07- 18","1.470","1.533","1.536","1.469","-5.04%"
"2019- 07- 17","1.548","1.565","1.572","1.545","-1.65%"
"2019- 07- 16","1.574","1.559","1.578","1.558","-0.44%"
"2019- 07- 15","1.581","1.565","1.581","1.553","1.02%"
"2019- 07- 14","1.565","1.565","1.565","1.565","0.00%"
"2019- 07- 13","1.565","1.565","1.565","1.565","-0.38%"
"2019- 07- 12","1.571","1.585","1.588","1.570","1.55%"
"2019- 07- 11","1.547","1.531","1.549","1.520","-0.90%"
"2019- 07- 10","1.561","1.551","1.561","1.548","1.56%"
"2019- 07- 09","1.537","1.537","1.545","1.518","0.13%"
"2019- 07- 08","1.535","1.563","1.566","1.535","-0.13%"
"2019- 07- 07","1.537","1.537","1.537","1.537","0.00%"
"2019- 07- 06","1.537","1.537","1.537","1.537","0.33%"
"2019- 07- 05","1.532","1.520","1.535","1.507","0.59%"
"2019- 07- 04","1.523","1.533","1.541","1.520","-0.72%"
"2019- 07- 03","1.534","1.555","1.555","1.533","-3.40%"
"2019- 07- 02","1.588","1.592","1.599","1.582","-1.00%"
"2019- 07- 01","1.604","1.613","1.618","1.587","0.56%"
"2019- 06- 30","1.595","1.595","1.595","1.595","0.00%"
"2019- 06- 29","1.595","1.595","1.595","1.595","-0.13%"
"2019- 06- 28","1.597","1.596","1.608","1.591","-1.11%"
"2019- 06- 27","1.615","1.612","1.621","1.607","0.44%"
"2019- 06- 26","1.608","1.598","1.619","1.586","1.52%"
"2019- 06- 25","1.584","1.557","1.585","1.538","1.34%"
"2019- 06- 24","1.563","1.581","1.581","1.559","-0.45%"
"2019- 06- 23","1.570","1.570","1.570","1.570","0.00%"
"2019- 06- 22","1.570","1.570","1.570","1.570","0.00%"
"2019- 06- 21","1.570","1.555","1.570","1.545","1.75%"
"2019- 06- 20","1.543","1.563","1.563","1.531","-3.68%"
"2019- 06- 19","1.602","1.595","1.610","1.593","-0.74%"
"2019- 06- 18","1.614","1.619","1.627","1.593","-0.43%"
"2019- 06- 17","1.621","1.605","1.625","1.605","2.14%"
"2019- 06- 16","1.587","1.587","1.587","1.587","0.00%"
"2019- 06- 15","1.587","1.587","1.587","1.587","-0.31%"
"2019- 06- 14","1.592","1.602","1.608","1.586","-1.24%"
"2019- 06- 13","1.612","1.609","1.613","1.577","0.88%"
"2019- 06- 12","1.598","1.659","1.662","1.593","-4.88%"
"2019- 06- 11","1.680","1.658","1.681","1.658","1.39%"
"2019- 06- 10","1.657","1.640","1.659","1.637","1.35%"
"2019- 06- 09","1.635","1.635","1.635","1.635","0.00%"
"2019- 06- 08","1.635","1.635","1.635","1.635","0.00%"
"2019- 06- 07","1.635","1.671","1.673","1.635","-0.91%"
"2019- 06- 06","1.650","1.650","1.650","1.650","-0.24%"
"2019- 06- 05","1.654","1.695","1.697","1.647","-1.78%"
"2019- 06- 04","1.684","1.677","1.692","1.676","-0.41%"
"2019- 06- 03","1.691","1.681","1.697","1.680","1.32%"
"2019- 06- 02","1.669","1.669","1.669","1.669","0.00%"
"2019- 06- 01","1.669","1.669","1.669","1.669","-0.77%"
"2019- 05- 31","1.682","1.728","1.730","1.680","-3.39%"
"2019- 05- 30","1.741","1.753","1.760","1.737","-0.06%"
"2019- 05- 29","1.742","1.773","1.775","1.741","-3.01%"
"2019- 05- 28","1.796","1.794","1.812","1.788","-0.11%"
"2019- 05- 27","1.798","1.796","1.803","1.791","0.17%"
"2019- 05- 26","1.795","1.795","1.795","1.795","0.00%"
"2019- 05- 25","1.795","1.795","1.795","1.795","0.22%"
"2019- 05- 24","1.791","1.781","1.801","1.779","-1.00%"
"2019- 05- 23","1.809","1.816","1.817","1.798","-1.15%"
"2019- 05- 22","1.830","1.837","1.837","1.824","0.05%"
"2019- 05- 21","1.829","1.845","1.855","1.823","-0.97%"
"2019- 05- 20","1.847","1.843","1.852","1.839","1.21%"
"2019- 05- 19","1.825","1.825","1.825","1.825","0.00%"
"2019- 05- 18","1.825","1.825","1.825","1.825","0.27%"
"2019- 05- 17","1.820","1.820","1.843","1.817","0.00%"
"2019- 05- 16","1.820","1.842","1.847","1.820","-2.41%"
"2019- 05- 15","1.865","1.859","1.868","1.856","-0.21%"
"2019- 05- 14","1.869","1.855","1.871","1.850","-0.27%"
"2019- 05- 13","1.874","1.858","1.874","1.858","-0.05%"
"2019- 05- 12","1.875","1.875","1.875","1.875","0.00%"
"2019- 05- 11","1.875","1.875","1.875","1.875","0.16%"
"2019- 05- 10","1.872","1.870","1.877","1.853","0.54%"
"2019- 05- 09","1.862","1.875","1.876","1.858","-0.75%"
"2019- 05- 08","1.876","1.867","1.883","1.865","-0.48%"
"2019- 05- 07","1.885","1.857","1.885","1.857","-0.89%"
"2019- 05- 06","1.902","1.902","1.902","1.902","0.00%"
"2019- 05- 05","1.902","1.902","1.902","1.902","0.00%"
"2019- 05- 04","1.902","1.902","1.902","1.902","0.11%"
"2019- 05- 03","1.900","1.886","1.909","1.876","0.80%"
"2019- 05- 02","1.885","1.859","1.886","1.859","2.17%"
"2019- 05- 01","1.845","1.845","1.845","1.845","0.00%"
"2019- 04- 30","1.845","1.871","1.871","1.844","-0.97%"
"2019- 04- 29","1.863","1.872","1.878","1.862","-0.64%"
"2019- 04- 28","1.875","1.875","1.875","1.875","0.00%"
"2019- 04- 27","1.875","1.875","1.875","1.875","-0.05%"
"2019- 04- 26","1.876","1.876","1.883","1.864","-0.16%"
"2019- 04- 25","1.879","1.852","1.883","1.850","-1.73%"
"2019- 04- 24","1.912","1.921","1.931","1.905","-0.57%"
"2019- 04- 23","1.923","1.932","1.932","1.911","-0.31%"
"2019- 04- 22","1.929","1.910","1.938","1.909","0.99%"
"2019- 04- 21","1.910","1.910","1.910","1.910","0.00%"
"2019- 04- 20","1.910","1.910","1.910","1.910","0.58%"
"2019- 04- 19","1.899","1.887","1.913","1.887","0.37%"
"2019- 04- 18","1.892","1.947","1.948","1.882","-2.87%"
"2019- 04- 17","1.948","1.935","1.960","1.935","0.83%"
"2019- 04- 16","1.932","1.923","1.938","1.906","0.26%"
"2019- 04- 15","1.927","1.924","1.929","1.917","2.23%"
"2019- 04- 14","1.885","1.885","1.885","1.885","0.00%"
"2019- 04- 13","1.885","1.885","1.885","1.885","0.21%"
"2019- 04- 12","1.881","1.877","1.889","1.873","0.80%"
"2019- 04- 11","1.866","1.856","1.872","1.856","-0.27%"
"2019- 04- 10","1.871","1.872","1.876","1.862","-0.16%"
"2019- 04- 09","1.874","1.878","1.888","1.866","0.37%"
"2019- 04- 08","1.867","1.880","1.880","1.853","-1.48%"
"2019- 04- 07","1.895","1.895","1.895","1.895","0.00%"
"2019- 04- 06","1.895","1.895","1.895","1.895","0.16%"
"2019- 04- 05","1.892","1.887","1.898","1.881","0.80%"
"2019- 04- 04","1.877","1.887","1.905","1.874","-0.64%"
"2019- 04- 03","1.889","1.856","1.891","1.848","1.72%"
"2019- 04- 02","1.857","1.886","1.889","1.854","-0.38%"
"2019- 04- 01","1.864","1.848","1.865","1.842","1.86%"
"2019- 03- 31","1.830","1.830","1.830","1.830","0.00%"
"2019- 03- 30","1.830","1.830","1.830","1.830","-0.16%"
"2019- 03- 29","1.833","1.818","1.837","1.817","1.27%"
"2019- 03- 28","1.810","1.840","1.843","1.807","-1.90%"
"2019- 03- 27","1.845","1.892","1.892","1.842","-3.15%"
"2019- 03- 26","1.905","1.887","1.908","1.883","1.01%"
"2019- 03- 25","1.886","1.892","1.896","1.874","-2.38%"
"2019- 03- 24","1.932","1.932","1.932","1.932","0.00%"
"2019- 03- 23","1.932","1.932","1.932","1.932","-0.10%"
"2019- 03- 22","1.934","1.935","1.940","1.922","0.10%"
"2019- 03- 21","1.932","1.952","1.952","1.928","-2.33%"
"2019- 03- 20","1.978","1.981","1.984","1.970","-0.05%"
"2019- 03- 19","1.979","1.992","1.998","1.976","-0.75%"
"2019- 03- 18","1.994","1.989","1.999","1.983","0.10%"
"2019- 03- 17","1.992","1.992","1.992","1.992","0.00%"
"2019- 03- 16","1.992","1.992","1.992","1.992","0.20%"
"2019- 03- 15","1.988","1.994","1.998","1.985","0.56%"
"2019- 03- 14","1.977","1.975","1.985","1.968","0.56%"
"2019- 03- 13","1.966","1.971","1.972","1.962","-1.35%"
"2019- 03- 12","1.993","1.997","2.006","1.991","0.40%"
"2019- 03- 11","1.985","1.974","1.989","1.973","0.51%"
"2019- 03- 10","1.975","1.975","1.975","1.975","0.00%"
"2019- 03- 09","1.975","1.975","1.975","1.975","0.10%"
"2019- 03- 08","1.973","1.978","1.987","1.970","-1.50%"
"2019- 03- 07","2.003","2.012","2.012","2.000","-0.89%"
"2019- 03- 06","2.021","2.023","2.028","2.016","-0.44%"
"2019- 03- 05","2.030","2.019","2.035","2.017","0.15%"
"2019- 03- 04","2.027","2.026","2.032","2.021","2.12%"
"2019- 03- 03","1.985","1.985","1.985","1.985","0.00%"
"2019- 03- 02","1.985","1.985","1.985","1.985","0.00%"
"2019- 03- 01","1.985","1.985","1.985","1.985","-0.10%"
"2019- 02- 28","1.987","1.992","2.007","1.978","0.10%"
"2019- 02- 27","1.985","2.000","2.003","1.980","-0.95%"
"2019- 02- 26","2.004","2.011","2.012","1.994","-0.35%"
"2019- 02- 25","2.011","2.001","2.011","1.996","0.45%"
"2019- 02- 24","2.002","2.002","2.002","2.002","0.00%"
"2019- 02- 23","2.002","2.002","2.002","2.002","-0.35%"
"2019- 02- 22","2.009","2.017","2.019","2.003","0.00%"
"2019- 02- 21","2.009","1.986","2.023","1.981","0.85%"
"2019- 02- 20","1.992","1.990","1.997","1.985","-0.20%"
"2019- 02- 19","1.996","1.992","2.005","1.990","-0.05%"
"2019- 02- 18","1.997","1.972","1.997","1.972","1.63%"
"2019- 02- 17","1.965","1.965","1.965","1.965","0.00%"
"2019- 02- 16","1.965","1.965","1.965","1.965","0.20%"
"2019- 02- 15","1.961","1.961","1.970","1.956","-1.70%"
"2019- 02- 14","1.995","1.988","1.996","1.980","0.45%"
"2019- 02- 13","1.986","1.985","1.997","1.974","0.46%"
"2019- 02- 12","1.977","1.950","1.980","1.947","1.70%"
"2019- 02- 11","1.944","1.959","1.965","1.943","-0.92%"
"2019- 02- 10","1.962","1.962","1.962","1.962","0.00%"
"2019- 02- 09","1.962","1.962","1.962","1.962","-0.20%"
"2019- 02- 08","1.966","1.980","1.980","1.953","-1.45%"
"2019- 02- 07","1.995","1.984","1.999","1.974","0.61%"
"2019- 02- 06","1.983","1.983","1.983","1.983","0.00%"
"2019- 02- 05","1.983","1.983","1.983","1.983","0.00%"
"2019- 02- 04","1.983","1.983","1.983","1.983","0.00%"
"2019- 02- 03","1.983","1.983","1.983","1.983","0.00%"
"2019- 02- 02","1.983","1.983","1.983","1.983","0.00%"
"2019- 02- 01","1.983","1.997","2.004","1.975","-0.95%"
"2019- 01- 31","2.002","2.029","2.032","2.000","-2.63%"
"2019- 01- 30","2.056","2.022","2.056","2.022","1.23%"
"2019- 01- 29","2.031","2.016","2.038","2.012","0.49%"
"2019- 01- 28","2.021","2.009","2.024","2.009","0.95%"
"2019- 01- 27","2.002","2.002","2.002","2.002","0.00%"
"2019- 01- 26","2.002","2.002","2.002","2.002","-0.20%"
"2019- 01- 25","2.006","1.987","2.009","1.979","0.65%"